"","p","pcc","pccdd","distrito","juntas14","inscr14","pvotosrecibidos14","pvalid14","ppase14","ppac14","ppan14","pde_los_trabajadores14","pfa14","ppin14","ppln14","pml14","ppng14","pppn14","pprc14","pprn14","ppusc14","pnulos14","pblancos14","pabs14","dvotosrecibidos14","dvotosvalidos14","dpase14","dpac14","dpadc14","dpap14","dpan14","dde_los_trabajadores14","dde_los_transportistas14","dfa14","dpin14","dpln14","dml14","dpng14","dnps14","dppid14","dppid_puntarenas14","dppn14","dprc14","dprn14","dpusc14","dverde14","dviviapuntarenas14","dnulos14","dblancos14","dabstencionismo14"
"1",1,101,10101,"Carmen",8,4592,3034,2998,4,1035,8,2,452,14,935,318,15,35,5,16,159,31,5,1558,3035,3001,59,821,NA,13,49,11,11,423,33,798,329,90,NA,7,NA,57,46,75,179,NA,NA,23,11,1557
"2",1,101,10102,"Merced",17,9763,6311,6200,17,1929,19,10,1052,15,1968,606,16,127,25,86,330,98,13,3452,6312,6186,242,1521,NA,23,203,32,29,875,38,1581,499,97,NA,9,NA,159,232,261,385,NA,NA,100,26,3451
"3",1,101,10103,"Hospital",34,18788,11959,11706,66,3375,50,38,1960,11,3762,1325,27,222,64,167,639,237,16,6829,11960,11717,763,2489,NA,36,147,136,52,1612,57,2872,959,158,NA,24,NA,284,645,676,807,NA,NA,200,43,6828
"4",1,101,10104,"Catedral",29,15258,10514,10379,38,3641,19,16,1889,19,2918,923,30,217,38,113,518,117,18,4744,10516,10367,470,2801,NA,38,117,47,26,1625,70,2345,749,248,NA,37,NA,340,363,439,652,NA,NA,107,42,4742
"5",1,101,10105,"Zapote",33,17937,13442,13300,41,5740,21,23,1821,23,3649,1031,42,262,42,127,478,132,10,4495,13441,13275,425,4403,NA,55,104,55,44,1698,97,3033,918,331,NA,26,NA,383,365,704,634,NA,NA,129,37,4496
"6",1,101,10106,"San Francisco de Dos Ríos",35,18430,13973,13845,21,6407,26,10,1701,26,3760,987,22,240,25,93,527,115,13,4457,13968,13826,346,5068,NA,50,110,48,26,1624,88,3099,935,334,NA,23,NA,409,380,587,699,NA,NA,117,25,4462
"7",1,101,10107,"Uruca",28,14190,9498,9316,56,2995,19,28,1227,4,2732,1383,22,144,68,105,533,162,20,4692,9491,9305,449,2237,NA,27,143,54,51,994,38,2219,1103,199,NA,7,NA,225,427,419,713,NA,NA,143,43,4699
"8",1,101,10108,"Mata Redonda",14,7290,5274,5219,12,1740,8,4,483,4,1795,738,10,88,18,28,291,47,8,2016,5275,5227,112,1369,NA,16,61,13,15,453,19,1548,728,122,NA,10,NA,116,122,150,373,NA,NA,39,9,2015
"9",1,101,10109,"Pavas",87,49009,33004,32363,151,9575,166,65,4176,42,10102,4681,121,500,287,685,1812,595,46,16005,33011,32314,1593,7159,NA,70,540,228,106,3339,120,7358,3373,653,NA,34,NA,689,2305,2536,2211,NA,NA,559,138,15998
"10",1,101,10110,"Hatillo",75,43653,29751,29213,175,9645,55,61,5166,54,8863,2349,109,447,215,519,1555,500,38,13902,29732,29134,1761,7255,NA,104,262,260,153,4314,166,6686,1757,541,NA,48,NA,614,1574,1877,1762,NA,NA,480,118,13921
"11",1,101,10111,"San Sebastián",54,29937,21013,20687,101,7748,37,22,3601,54,5514,1673,50,331,103,315,1138,307,19,8924,21002,20627,1371,5596,NA,116,212,107,109,3031,129,4159,1202,375,NA,58,NA,561,944,1296,1361,NA,NA,306,69,8935
"12",1,102,10201,"Escazú",22,11896,8817,8694,35,3122,18,18,1017,7,2718,1057,31,148,36,65,422,109,14,3079,8816,8683,349,2388,NA,14,70,50,28,992,27,2290,961,257,NA,5,NA,215,279,291,467,NA,NA,103,30,3080
"13",1,102,10202,"San Antonio",26,13934,9756,9575,91,3473,23,31,1407,11,2619,1033,62,188,69,87,481,167,14,4178,9755,9578,747,2518,NA,22,69,64,40,1232,36,2069,821,348,NA,14,NA,230,491,358,519,NA,NA,152,25,4179
"14",1,102,10203,"San Rafael",33,17524,13129,13016,24,3895,12,20,890,9,4324,2979,30,124,40,67,602,105,8,4395,13130,13000,276,3112,NA,28,98,35,21,838,31,3733,3026,354,NA,11,NA,190,253,329,665,NA,NA,96,34,4394
"15",1,103,10301,"Desamparados",57,30394,22026,21729,88,8519,48,31,3652,42,5840,1601,63,343,103,296,1103,265,32,8368,22014,21689,893,6307,NA,178,202,126,86,3126,133,4886,1186,363,NA,28,NA,543,958,1314,1360,NA,NA,245,80,8380
"16",1,103,10302,"San Miguel",48,26276,17758,17437,113,5897,20,41,2750,103,4840,1910,64,183,106,336,1074,299,22,8518,17754,17387,982,4092,NA,55,106,112,70,2249,296,4071,1198,238,NA,21,NA,289,1136,1149,1323,NA,NA,291,76,8522
"17",1,103,10303,"San Juan de Dios",21,12232,8218,8070,66,2551,17,15,1443,25,2084,992,26,124,57,114,556,131,17,4014,8215,8047,646,1874,NA,32,51,53,37,1197,44,1747,647,101,NA,9,NA,133,370,441,665,NA,NA,130,38,4017
"18",1,103,10304,"San Rafael Arriba",23,11083,7731,7615,24,2739,20,14,1206,16,2161,730,25,97,53,105,425,100,16,3352,7732,7588,348,2129,NA,23,64,41,44,976,40,1803,507,126,NA,6,NA,157,357,430,537,NA,NA,110,34,3351
"19",1,103,10305,"San Antonio",17,8792,6760,6688,16,2941,12,6,951,12,1889,451,8,81,16,54,251,69,3,2032,6758,6655,198,2269,NA,39,41,10,16,878,39,1597,367,153,NA,8,NA,136,222,344,338,NA,NA,83,20,2034
"20",1,103,10306,"Frailes",7,2776,1956,1902,6,487,20,5,299,18,833,75,9,25,4,25,96,45,9,820,1958,1882,80,330,NA,26,85,13,6,183,23,900,42,18,NA,0,NA,29,20,49,78,NA,NA,45,31,818
"21",1,103,10307,"Patarrá",12,6141,4094,3985,34,1338,4,14,588,8,1147,426,16,55,19,67,269,100,9,2047,4095,3999,232,890,NA,9,27,24,12,429,28,1212,282,45,NA,4,NA,71,154,203,377,NA,NA,79,17,2046
"22",1,103,10308,"San Cristóbal",7,3016,2236,2189,12,713,8,7,230,10,941,123,8,30,13,15,79,36,11,780,2236,2158,79,366,NA,195,15,5,15,152,7,1067,70,16,NA,1,NA,50,23,44,53,NA,NA,47,31,780
"23",1,103,10309,"Rosario",9,2708,1911,1860,17,359,6,10,347,2,821,137,6,17,6,4,128,41,10,797,1911,1848,92,251,NA,4,29,10,3,220,16,905,78,11,NA,3,NA,28,30,17,151,NA,NA,38,25,797
"24",1,103,10310,"Damas",17,8924,6514,6396,32,2536,6,10,1042,15,1553,604,21,97,39,121,320,102,16,2410,6511,6379,361,1813,NA,35,44,45,37,869,52,1317,370,105,NA,13,NA,146,350,446,376,NA,NA,104,28,2413
"25",1,103,10311,"San Rafael Abajo",29,15403,11064,10887,43,4107,19,27,1854,23,2772,1011,31,142,71,162,625,157,20,4339,11055,10836,579,3166,NA,30,66,66,59,1542,66,2225,723,151,NA,16,NA,187,525,727,708,NA,NA,184,35,4348
"26",1,103,10312,"Gravilias",24,12630,9569,9452,34,3871,13,20,1464,19,2598,679,17,170,31,96,440,109,8,3061,9569,9425,375,2959,NA,51,51,39,54,1326,82,2147,536,154,NA,16,NA,248,317,497,573,NA,NA,114,30,3061
"27",1,103,10313,"Los Guido",20,11867,6733,6512,72,1388,28,27,959,5,1765,1222,20,57,112,298,559,203,18,5134,6731,6507,448,872,NA,56,252,96,25,633,36,1452,632,41,NA,7,NA,66,714,517,660,NA,NA,189,35,5136
"28",1,104,10401,"Santiago",22,10045,7356,7247,30,2618,11,26,1024,6,2535,397,14,91,20,37,438,86,23,2689,7355,7221,230,2197,NA,26,50,37,18,797,13,2134,303,85,NA,12,NA,128,237,248,706,NA,NA,86,48,2690
"29",1,104,10402,"Mercedes Sur",13,4062,2925,2856,16,743,7,3,576,5,1132,175,9,19,9,16,146,55,14,1137,2924,2831,112,647,NA,9,39,22,22,387,9,945,141,47,NA,0,NA,30,72,87,262,NA,NA,53,40,1138
"30",1,104,10403,"Barbacoas",8,3272,2367,2332,5,596,7,3,354,2,987,186,4,24,11,9,144,23,12,905,2367,2307,96,512,NA,5,13,10,14,240,3,850,116,21,NA,4,NA,29,69,62,263,NA,NA,30,30,905
"31",1,104,10404,"Grifo Alto",3,908,694,683,2,168,1,0,122,0,298,32,1,4,3,4,48,10,1,214,694,677,24,145,NA,1,0,1,0,61,0,281,21,2,NA,3,NA,4,15,12,107,NA,NA,8,9,214
"32",1,104,10405,"San Rafael",3,1246,847,816,5,217,2,0,126,1,330,31,2,9,0,7,86,21,10,399,847,811,26,178,NA,1,5,4,3,72,7,282,6,7,NA,2,NA,8,11,13,186,NA,NA,20,16,399
"33",1,104,10406,"Candelarita",4,1368,1003,971,3,165,1,1,113,3,546,65,1,8,3,4,58,25,7,365,1004,962,29,137,NA,2,2,5,26,81,3,498,48,6,NA,1,NA,16,15,11,82,NA,NA,24,18,364
"34",1,104,10407,"Desamparaditos",1,542,411,406,4,145,0,1,70,1,131,15,0,1,0,2,36,5,0,131,411,405,21,109,NA,0,0,2,1,49,0,114,16,4,NA,0,NA,4,5,9,71,NA,NA,2,4,131
"35",1,104,10408,"San Antonio",6,2825,1914,1878,6,623,2,5,318,6,643,152,3,12,9,23,76,27,9,911,1914,1852,74,476,NA,2,6,10,16,247,5,558,123,11,NA,0,NA,35,55,88,146,NA,NA,37,25,911
"36",1,104,10409,"Chires",11,2191,1391,1355,6,170,4,3,177,0,653,194,3,11,11,26,97,30,6,800,1391,1347,29,154,NA,3,6,6,4,109,6,572,99,11,NA,0,NA,4,38,53,253,NA,NA,22,22,800
"37",1,105,10501,"San Marcos",14,7290,4905,4803,32,1523,12,9,1015,8,1422,292,12,38,20,17,403,77,25,2385,4902,4782,181,1161,NA,20,67,56,396,586,16,1180,184,47,NA,8,NA,49,94,82,655,NA,NA,68,52,2388
"38",1,105,10502,"San Lorenzo",10,2826,1773,1734,5,337,9,3,357,1,647,132,3,24,5,27,184,34,5,1053,1773,1718,63,241,NA,2,19,15,85,193,4,547,79,5,NA,0,NA,24,21,53,367,NA,NA,34,21,1053
"39",1,105,10503,"San Carlos",3,1342,821,799,6,116,3,4,222,1,296,64,0,6,5,1,75,20,2,521,821,790,15,58,NA,0,0,8,46,76,1,133,20,2,NA,0,NA,13,12,9,397,NA,NA,17,14,521
"40",1,106,10601,"Aserrí",40,22902,15903,15594,96,5080,25,31,2855,23,4649,1432,43,233,71,152,904,280,29,6999,15903,15526,839,3906,NA,49,97,92,91,2236,124,3917,968,219,NA,15,NA,348,518,683,1424,NA,NA,292,85,6999
"41",1,106,10602,"Tarbaca",4,1650,1142,1103,16,315,36,3,163,1,390,99,1,15,2,4,58,34,5,508,1140,1096,112,257,NA,1,89,9,8,91,9,301,56,16,NA,1,NA,23,27,18,78,NA,NA,30,14,510
"42",1,106,10603,"Vuelta de Jorco",11,4707,3340,3270,29,1061,6,5,508,5,1190,235,9,37,8,11,166,61,9,1367,3340,3247,234,839,NA,11,24,25,25,327,11,1055,130,33,NA,4,NA,57,73,59,340,NA,NA,65,28,1367
"43",1,106,10604,"San Gabriel",8,3566,2589,2536,26,690,2,7,511,5,877,224,7,21,24,17,125,49,4,977,2587,2514,148,589,NA,5,11,18,12,377,25,794,138,18,NA,0,NA,26,69,59,225,NA,NA,54,19,979
"44",1,106,10605,"La Legua",5,1114,734,719,4,198,3,2,165,0,271,40,1,2,2,1,30,10,5,380,734,698,26,186,NA,2,7,4,13,108,1,242,21,5,NA,0,NA,5,4,12,62,NA,NA,15,21,380
"45",1,106,10606,"Monterrey",2,716,492,480,4,75,0,4,52,0,288,25,0,6,2,2,22,10,2,224,492,475,7,100,NA,0,1,1,1,37,0,255,15,0,NA,1,NA,9,6,4,38,NA,NA,11,6,224
"46",1,106,10607,"Salitrillos",11,5666,3661,3576,26,990,9,4,587,7,1224,400,13,48,30,41,197,77,8,2005,3660,3576,241,748,NA,5,25,18,12,460,16,1056,253,48,NA,1,NA,58,166,170,299,NA,NA,65,19,2006
"47",1,107,10701,"Colón",23,10990,8200,8053,36,3136,22,19,1122,10,2280,781,43,97,27,89,391,130,17,2790,8200,8041,365,2425,NA,14,52,52,48,956,25,1942,663,172,NA,8,NA,139,194,337,649,NA,NA,110,49,2790
"48",1,107,10702,"Guayabo",5,2781,1891,1825,7,625,5,2,263,1,526,219,11,25,13,22,106,56,10,890,1891,1824,69,399,NA,5,34,5,3,163,8,406,148,26,NA,0,NA,29,91,98,340,NA,NA,41,26,890
"49",1,107,10703,"Tabarcia",10,3809,2619,2509,19,541,12,5,408,2,782,284,10,25,41,30,350,98,12,1190,2619,2508,77,290,NA,1,15,13,6,218,6,472,103,8,NA,1,NA,26,152,81,1039,NA,NA,83,28,1190
"50",1,107,10704,"Piedras Negras",1,251,169,165,1,56,0,1,25,0,58,15,0,1,0,0,8,3,1,82,169,162,6,27,NA,0,0,2,1,10,0,44,44,0,NA,0,NA,1,6,3,18,NA,NA,4,3,82
"51",1,107,10705,"Picagres",2,532,374,367,0,94,0,1,44,0,180,15,2,3,2,1,25,5,2,158,374,364,6,58,NA,0,2,1,0,28,1,164,5,2,NA,0,NA,5,4,7,81,NA,NA,5,5,158
"52",1,107,10706,"Jaris",2,827,567,551,5,117,1,3,95,0,215,68,3,4,3,5,32,11,5,260,567,543,27,99,NA,1,3,6,1,53,0,175,41,8,NA,0,NA,6,18,15,90,NA,NA,17,7,260
"53",1,108,10801,"Guadalupe",38,20533,14917,14743,63,6478,38,23,2244,26,3686,1065,38,279,32,159,612,154,20,5616,14915,14700,523,4970,NA,32,132,66,62,2027,104,3058,919,286,NA,17,NA,454,431,803,816,NA,NA,156,59,5618
"54",1,108,10802,"San Francisco",4,2068,1545,1524,8,608,10,5,219,2,370,157,7,31,6,18,83,21,0,523,1545,1513,68,520,NA,3,20,8,6,182,7,307,120,34,NA,1,NA,21,36,63,117,NA,NA,27,5,523
"55",1,108,10803,"Calle Blancos",22,11872,8888,8795,22,3980,18,11,1283,19,2032,750,36,164,22,80,378,84,9,2984,8883,8768,248,3050,NA,23,78,48,37,1168,54,1764,641,271,NA,11,NA,219,241,409,506,NA,NA,89,26,2989
"56",1,108,10804,"Mata de Plátano",23,12450,9094,8986,24,4212,23,23,1246,29,2060,728,40,149,30,105,317,97,11,3356,9091,8958,292,3164,NA,16,76,58,35,1129,65,1664,591,280,NA,40,NA,215,337,584,412,NA,NA,103,30,3359
"57",1,108,10805,"Ipis",41,22463,16085,15818,84,6252,34,39,2536,40,3779,1578,50,221,82,330,793,234,33,6378,16082,15812,807,4438,NA,34,128,85,87,2233,116,2915,1149,265,NA,83,NA,276,844,1347,1005,NA,NA,211,59,6381
"58",1,108,10806,"Rancho Redondo",6,3075,1985,1943,16,572,3,1,254,9,566,302,12,23,22,23,140,37,5,1090,1985,1940,89,425,NA,6,8,9,14,204,11,463,198,35,NA,6,NA,31,66,131,244,NA,NA,31,14,1090
"59",1,108,10807,"Purral",26,15240,9505,9304,75,3252,33,21,1483,26,2168,1223,36,118,96,257,516,181,20,5735,9505,9293,467,2322,NA,11,104,69,51,1282,43,1652,854,163,NA,19,NA,150,613,803,690,NA,NA,173,39,5735
"60",1,109,10901,"Santa Ana",15,8084,6167,6086,13,2165,3,8,692,7,1897,768,12,82,12,62,365,72,9,1917,6167,6089,173,1612,NA,6,34,24,10,640,17,1634,714,104,NA,5,NA,99,157,287,573,NA,NA,56,22,1917
"61",1,109,10902,"Salitral",6,2572,1680,1643,2,515,1,1,132,1,630,204,3,30,4,13,107,36,1,892,1680,1637,41,397,NA,5,8,11,10,114,5,581,152,21,NA,1,NA,35,38,63,155,NA,NA,36,7,892
"62",1,109,10903,"Pozos",18,9357,6862,6741,17,2364,6,11,624,5,1940,1291,16,48,25,60,334,99,22,2495,6862,6730,198,1843,NA,8,49,22,17,530,12,1656,1196,155,NA,5,NA,83,211,265,480,NA,NA,100,32,2495
"63",1,109,10904,"Uruca",10,5120,3697,3641,10,1306,3,5,363,6,1046,618,5,50,15,38,176,51,5,1423,3696,3633,130,1042,NA,9,30,17,12,340,14,859,555,70,NA,2,NA,72,100,153,228,NA,NA,51,12,1424
"64",1,109,10905,"Piedades",9,4567,3347,3279,12,1312,9,2,375,4,956,394,7,33,11,31,133,64,4,1220,3346,3288,76,1057,NA,2,23,13,5,343,7,857,361,65,NA,3,NA,64,110,115,187,NA,NA,48,10,1221
"65",1,109,10906,"Brasil",3,1341,980,963,1,368,1,3,142,0,228,135,0,8,4,9,64,16,1,361,980,963,49,271,NA,3,4,5,2,107,4,181,110,8,NA,0,NA,14,67,29,109,NA,NA,15,2,361
"66",1,110,11001,"Alajuelita",17,9844,6714,6574,38,2089,19,15,1150,11,1837,707,28,131,51,110,388,126,14,3130,6713,6593,435,1511,NA,20,109,41,28,936,50,1398,548,92,NA,4,NA,157,364,395,505,NA,NA,91,29,3131
"67",1,110,11002,"San Josécito",13,7326,4941,4840,29,1658,47,16,838,17,1252,453,15,68,37,129,281,99,2,2385,4941,4847,277,1185,NA,12,416,28,27,634,32,880,267,61,NA,8,NA,80,218,345,377,NA,NA,82,12,2385
"68",1,110,11003,"San Antonio",4,1564,1060,1038,7,334,6,6,187,1,278,118,5,17,9,20,50,20,2,504,1060,1034,45,290,NA,4,32,11,4,155,3,218,87,16,NA,2,NA,18,35,44,70,NA,NA,20,6,504
"69",1,110,11004,"Concepción",21,11826,7707,7512,76,2255,23,23,1247,11,1934,1102,22,123,78,175,443,185,10,4119,7703,7518,574,1567,NA,18,115,61,55,1020,60,1392,702,78,NA,10,NA,142,675,549,500,NA,NA,150,35,4123
"70",1,110,11005,"San Felipe",30,17037,10587,10295,84,2749,43,25,1803,40,2645,1727,29,141,139,235,635,273,19,6450,10587,10314,735,1751,NA,24,227,73,47,1241,828,1681,1115,98,NA,21,NA,141,688,756,888,NA,NA,225,48,6450
"71",1,111,11101,"San Isidro",27,14775,11316,11177,48,5049,35,23,1584,23,2680,908,37,160,37,121,472,128,11,3459,11313,11148,432,3814,NA,17,233,64,127,1386,53,2166,734,258,NA,17,NA,216,406,648,577,NA,NA,139,26,3462
"72",1,111,11102,"San Rafael",11,5350,3801,3746,25,1495,6,11,463,8,1056,424,9,49,22,50,128,50,5,1549,3802,3738,162,1162,NA,14,25,18,22,401,23,927,330,51,NA,9,NA,63,129,212,190,NA,NA,50,14,1548
"73",1,111,11103,"Dulce Nombre de Jesús",17,8839,6353,6238,38,2707,15,20,984,14,1410,577,22,81,25,76,269,102,13,2486,6354,6242,320,2063,NA,13,86,53,32,818,37,1162,449,120,NA,11,NA,125,245,385,323,NA,NA,89,23,2485
"74",1,111,11104,"Patalillo",29,15676,11996,11863,38,5454,21,30,1928,29,2617,854,26,195,30,165,476,118,15,3680,11991,11825,467,4135,NA,28,109,71,73,1730,54,2080,677,265,NA,26,NA,263,437,749,661,NA,NA,137,29,3685
"75",1,111,11105,"Cascajal",10,5033,3236,3172,19,1289,17,5,374,4,796,391,16,32,17,38,174,56,8,1797,3232,3161,175,933,NA,8,28,25,36,337,18,652,263,57,NA,1,NA,49,90,187,302,NA,NA,60,11,1801
"76",1,112,11201,"San Ignacio",15,6854,5145,5059,20,1573,20,7,1152,1,1715,245,8,47,19,23,229,72,14,1709,5142,5050,234,1210,NA,26,91,30,99,736,6,1597,137,25,NA,6,NA,66,58,108,621,NA,NA,60,32,1712
"77",1,112,11202,"Guaitil",6,1924,1262,1236,7,265,6,1,243,1,540,71,3,9,5,4,81,25,1,662,1262,1222,36,214,NA,4,5,7,6,145,4,557,34,12,NA,1,NA,15,13,11,158,NA,NA,24,16,662
"78",1,112,11203,"Palmichal",8,3472,2477,2418,8,531,4,4,495,1,996,143,5,17,28,24,162,52,7,995,2477,2406,50,339,NA,2,9,13,19,276,8,990,60,20,NA,6,NA,30,79,73,432,NA,NA,53,18,995
"79",1,112,11204,"Cangrejal",5,1435,888,863,5,190,3,5,191,1,316,96,1,6,2,5,42,23,2,547,888,855,25,166,NA,2,2,8,10,130,7,377,40,0,NA,2,NA,9,6,17,54,NA,NA,21,12,547
"80",1,112,11205,"Sabanillas",9,1866,1069,1027,3,106,2,9,198,1,431,129,3,6,4,6,129,32,10,797,1069,1019,11,84,NA,1,3,8,2,107,3,464,59,2,NA,4,NA,7,8,12,244,NA,NA,23,27,797
"81",1,113,11301,"San Juan",41,21968,16418,16262,32,7135,38,20,2066,20,4302,1300,49,380,43,211,666,139,17,5550,16416,16222,460,5639,NA,49,155,72,55,1881,67,3664,1170,403,NA,31,NA,502,391,857,826,NA,NA,155,39,5552
"82",1,113,11302,"Cinco Esquinas",13,7237,4680,4581,29,1634,15,8,700,9,1234,428,16,86,24,99,299,91,8,2557,4681,4587,245,1202,NA,10,44,26,18,614,29,986,344,65,NA,6,NA,121,224,294,359,NA,NA,79,15,2556
"83",1,113,11303,"Anselmo Llorente",16,8635,6584,6527,11,3057,8,10,853,4,1577,496,15,153,12,82,249,51,6,2051,6584,6532,163,2455,NA,25,60,22,28,753,25,1346,449,213,NA,6,NA,215,137,339,296,NA,NA,43,9,2051
"84",1,113,11304,"León XIII",13,7629,4791,4629,52,1042,16,10,639,7,1251,940,22,61,73,167,349,142,20,2838,4791,4630,362,713,NA,21,94,36,21,466,23,886,584,59,NA,6,NA,73,461,395,430,NA,NA,128,33,2838
"85",1,113,11305,"Colima",20,10071,7328,7228,21,3045,18,13,978,6,1824,662,23,149,39,135,315,93,7,2743,7328,7225,285,2362,NA,15,71,25,28,870,16,1470,519,148,NA,11,NA,204,336,444,421,NA,NA,82,21,2743
"86",1,114,11401,"San Vicente",48,25792,19742,19569,33,9123,34,26,2327,29,4837,1846,55,262,27,199,771,151,22,6050,19743,19548,414,7126,NA,43,157,74,47,2220,91,4029,1782,558,NA,31,NA,454,466,1085,971,NA,NA,157,38,6049
"87",1,114,11402,"San Jerónimo",7,3812,2634,2593,19,1135,3,7,392,2,581,253,6,26,8,36,125,35,6,1178,2634,2586,140,919,NA,5,19,18,8,321,13,469,192,44,NA,3,NA,50,78,134,173,NA,NA,34,14,1178
"88",1,114,11403,"La Trinidad",24,12753,9253,9104,43,3929,17,17,1436,16,2043,817,37,123,56,175,395,139,10,3500,9245,9100,432,2966,NA,42,70,71,34,1208,55,1572,619,198,NA,19,NA,187,388,690,549,NA,NA,115,30,3508
"89",1,115,11501,"San Pedro",39,20897,15463,15321,19,6943,28,18,2373,34,3589,1356,48,207,40,86,580,129,13,5434,15462,15307,303,5504,NA,71,150,80,54,2200,88,3081,1324,479,NA,21,NA,359,334,540,719,NA,NA,122,33,5435
"90",1,115,11502,"Sabanilla",22,11555,9066,8962,13,4424,21,14,1311,21,1979,677,43,116,13,62,268,96,8,2489,9066,8951,170,3401,NA,29,93,57,91,1220,49,1707,611,367,NA,5,NA,194,211,374,372,NA,NA,88,27,2489
"91",1,115,11503,"Mercedes",6,2863,2205,2185,5,948,13,3,409,4,528,141,5,26,3,14,86,17,3,658,2205,2179,37,735,NA,8,48,14,8,377,11,456,146,63,NA,1,NA,51,49,85,90,NA,NA,16,10,658
"92",1,115,11504,"San Rafael",12,6174,4473,4419,10,2102,23,9,673,27,911,383,13,57,9,37,165,50,4,1701,4473,4406,149,1583,NA,10,94,27,33,586,58,779,341,143,NA,4,NA,80,108,209,202,NA,NA,55,12,1701
"93",1,116,11601,"San Pablo",3,1189,856,844,3,225,6,2,131,1,394,46,2,1,0,2,31,9,3,333,856,841,14,214,NA,0,10,4,0,99,3,355,40,6,NA,0,NA,6,3,21,66,NA,NA,7,8,333
"94",1,116,11602,"San Pedro",1,474,366,352,0,84,0,0,44,0,169,26,0,0,4,0,25,13,1,108,366,354,9,75,NA,0,1,0,0,24,0,160,16,0,NA,1,NA,4,7,2,55,NA,NA,10,2,108
"95",1,116,11603,"San Juan de Mata",2,879,539,533,1,63,0,0,69,2,280,63,1,23,2,0,29,6,0,340,539,525,17,56,NA,7,3,2,1,38,0,279,43,0,NA,0,NA,28,10,6,35,NA,NA,9,5,340
"96",1,116,11604,"San Luis",4,486,327,321,4,39,0,1,47,0,166,30,1,5,1,0,27,6,0,159,327,318,12,31,NA,1,2,3,2,33,0,149,11,2,NA,1,NA,3,0,3,65,NA,NA,4,5,159
"97",1,116,11605,"Carara",6,1347,920,907,0,161,3,0,84,1,494,113,1,4,7,2,37,11,2,427,917,895,15,151,NA,2,1,2,1,51,2,498,77,4,NA,1,NA,8,9,3,70,NA,NA,9,13,430
"98",1,117,11701,"Santa María",8,3661,2478,2444,10,1012,3,6,445,2,773,77,2,14,7,12,81,27,7,1183,2476,2428,73,861,NA,13,17,26,84,284,5,674,56,25,NA,3,NA,30,44,37,196,NA,NA,24,24,1185
"99",1,117,11702,"Jardín",1,256,150,148,0,35,0,0,17,0,59,19,2,5,1,1,9,2,0,106,150,147,9,30,NA,3,0,0,4,12,0,53,12,1,NA,1,NA,5,2,1,14,NA,NA,1,2,106
"100",1,117,11703,"Copey",5,1276,950,931,4,344,1,3,123,5,324,55,0,16,1,1,54,14,5,326,950,927,20,304,NA,3,3,6,19,83,4,274,35,3,NA,1,NA,26,4,31,111,NA,NA,10,13,326
"101",1,118,11801,"Curridabat",46,23914,18142,17940,43,8141,36,25,2051,26,4567,1880,49,218,52,122,730,187,15,5772,18144,17930,540,6472,NA,50,165,65,66,1958,80,3907,1719,514,NA,17,NA,341,418,729,889,NA,NA,164,50,5770
"102",1,118,11802,"Granadilla",17,8686,6335,6244,22,2622,10,10,753,10,1481,842,19,68,24,61,322,83,8,2351,6333,6234,226,1944,NA,18,48,42,17,661,39,1231,748,177,NA,10,NA,115,225,343,390,NA,NA,78,21,2353
"103",1,118,11803,"Sánchez",8,3854,3202,3185,1,1195,2,0,221,4,886,699,8,27,0,11,131,16,1,652,3203,3178,32,947,NA,12,22,7,1,197,5,799,672,124,NA,3,NA,54,46,116,141,NA,NA,24,1,651
"104",1,118,11804,"Tirrases",18,9816,6299,6126,93,2094,11,9,805,17,1497,939,16,67,96,122,360,156,17,3517,6299,6122,686,1498,NA,16,62,25,30,629,25,1129,565,103,NA,6,NA,81,470,408,389,NA,NA,153,24,3517
"105",1,119,11901,"San Isidro de El General",79,38120,25530,25046,123,9252,38,62,4601,25,6678,1611,69,326,144,555,1562,410,74,12590,25528,24977,576,6021,NA,86,72,136,800,2389,44,5205,624,194,NA,16,NA,306,717,1265,6526,NA,NA,377,174,12592
"106",1,119,11902,"General",12,4804,3215,3153,23,1054,5,10,550,1,1103,163,12,36,13,42,141,52,10,1589,3216,3139,90,827,NA,10,5,20,68,284,6,993,72,13,NA,4,NA,37,55,102,553,NA,NA,49,28,1588
"107",1,119,11903,"Daniel Flores",50,25469,16719,16373,102,5013,34,31,3134,13,4788,1290,43,227,136,467,1095,278,68,8750,16719,16343,418,3096,NA,75,65,82,589,1619,30,3497,551,140,NA,18,NA,203,660,1100,4200,NA,NA,250,126,8750
"108",1,119,11904,"Rivas",16,4830,3343,3277,21,848,0,8,535,6,1222,163,7,49,13,38,367,43,23,1487,3341,3258,45,403,NA,5,1,8,25,161,5,913,53,7,NA,2,NA,22,27,60,1521,NA,NA,51,32,1489
"109",1,119,11905,"San Pedro",14,5957,3659,3576,18,713,7,5,460,2,1318,565,9,43,20,140,276,67,16,2298,3659,3564,67,477,NA,5,10,18,19,196,3,1325,232,14,NA,7,NA,28,69,308,786,NA,NA,66,29,2298
"110",1,119,11906,"Platanares",16,6023,4006,3910,14,788,8,8,547,3,1652,321,12,45,49,130,333,74,22,2017,4006,3887,46,488,NA,8,8,14,19,230,6,1530,91,12,NA,4,NA,32,118,219,1062,NA,NA,72,47,2017
"111",1,119,11907,"Pejibaye",18,5844,3590,3475,32,769,12,7,669,1,1291,321,9,58,18,57,231,101,14,2254,3590,3461,79,710,NA,9,18,22,23,347,8,1312,134,15,NA,6,NA,44,73,148,513,NA,NA,83,46,2254
"112",1,119,11908,"Cajón",15,6842,4166,4054,28,1010,7,8,557,9,1501,467,15,43,14,71,324,94,18,2676,4167,4025,90,806,NA,7,13,30,22,271,11,1310,190,19,NA,6,NA,42,63,171,974,NA,NA,97,45,2675
"113",1,119,11909,"Barú",6,1899,1163,1136,4,193,3,1,184,0,498,142,3,12,12,15,69,24,3,736,1163,1130,20,130,NA,1,4,2,20,81,4,396,57,4,NA,2,NA,11,19,22,357,NA,NA,22,11,736
"114",1,119,11910,"Río Nuevo",8,2330,1460,1428,5,306,4,1,168,0,728,67,3,32,12,38,64,25,7,870,1460,1426,19,200,NA,0,6,3,2,55,2,688,19,6,NA,2,NA,27,41,54,302,NA,NA,22,12,870
"115",1,119,11911,"Páramo",13,3552,2388,2326,17,688,3,2,229,2,878,140,4,40,8,110,205,48,14,1164,2386,2317,44,434,NA,3,5,4,16,87,2,707,60,7,NA,0,NA,26,26,156,740,NA,NA,47,22,1166
"116",1,120,12001,"San Pablo",6,3093,2062,2020,15,466,4,6,490,2,747,145,3,17,4,7,114,33,9,1031,2062,1999,73,332,NA,13,14,16,237,285,1,607,88,10,NA,1,NA,31,24,24,243,NA,NA,30,33,1031
"117",1,120,12002,"San Andrés",4,1048,634,618,4,98,0,2,141,3,216,44,0,0,5,20,85,12,4,414,634,611,17,73,NA,3,9,3,14,83,4,186,14,1,NA,1,NA,2,15,47,139,NA,NA,10,13,414
"118",1,120,12003,"Llano Bonito",5,1375,925,904,2,159,0,0,154,0,432,57,1,2,4,2,91,15,6,450,925,901,25,100,NA,0,1,9,14,88,0,358,24,0,NA,0,NA,8,11,21,242,NA,NA,11,13,450
"119",1,120,12004,"San Isidro",4,1150,783,768,2,115,1,3,147,0,372,66,3,8,6,1,44,10,5,367,783,763,21,86,NA,3,1,9,23,83,1,278,23,8,NA,2,NA,15,10,11,189,NA,NA,11,9,367
"120",1,120,12005,"Santa Cruz",5,1303,954,921,14,262,3,7,134,2,306,82,4,9,4,5,89,22,11,349,954,917,33,169,NA,47,3,8,118,63,2,237,26,5,NA,1,NA,13,11,17,164,NA,NA,21,16,349
"121",1,120,12006,"San Antonio",2,764,536,531,9,78,1,7,133,1,216,46,4,4,3,1,28,3,2,228,536,518,39,59,NA,3,7,5,18,76,4,193,22,6,NA,1,NA,7,8,11,59,NA,NA,7,11,228
"122",2,201,20101,"Alajuela",73,39008,27744,27366,132,9963,36,65,4470,33,7973,2507,72,334,130,285,1366,351,27,11264,27736,27322,1368,7609,NA,226,111,192,NA,3866,123,7059,1889,228,NA,NA,NA,516,1094,1074,1967,NA,NA,313,101,11272
"123",2,201,20102,"San José",57,31198,21745,21402,98,7971,32,56,3444,16,5619,2413,55,267,96,303,1032,325,18,9453,21747,21377,1189,6158,NA,109,67,178,NA,2867,60,4786,1707,171,NA,NA,NA,387,1045,1064,1589,NA,NA,288,82,9451
"124",2,201,20103,"Carrizal",10,4360,2843,2778,10,933,2,12,385,3,802,250,8,16,16,47,294,61,4,1517,2842,2786,135,640,NA,3,18,29,NA,288,6,729,164,19,NA,NA,NA,29,98,111,517,NA,NA,47,9,1518
"125",2,201,20104,"San Antonio",37,20632,14311,14027,73,4859,17,39,2208,21,3845,1800,40,151,123,182,669,269,15,6321,14307,14030,795,3849,NA,93,50,138,NA,1790,40,3320,1211,127,NA,NA,NA,197,832,567,1021,NA,NA,226,51,6325
"126",2,201,20105,"Guácima",26,12637,8982,8782,46,2786,22,18,1333,8,2435,1229,22,90,98,84,611,177,23,3655,8978,8780,402,2287,NA,20,49,67,NA,1044,16,2088,891,54,NA,NA,NA,133,513,286,930,NA,NA,161,37,3659
"127",2,201,20106,"San Isidro",21,10895,7416,7266,50,2447,16,16,1193,11,2038,761,14,117,38,86,479,140,10,3479,7414,7259,597,1884,NA,22,36,49,NA,933,26,1771,526,38,NA,NA,NA,158,267,265,687,NA,NA,114,41,3481
"128",2,201,20107,"Sabanilla",12,4949,3417,3344,22,886,10,7,471,3,1198,467,10,25,11,40,194,68,5,1532,3415,3337,195,698,NA,13,23,19,NA,359,12,1179,278,20,NA,NA,NA,32,105,157,247,NA,NA,57,21,1534
"129",2,201,20108,"San Rafael",35,16471,10490,10257,75,2857,16,27,1750,10,3060,1496,21,138,74,61,672,210,23,5981,10485,10253,526,2408,NA,11,41,95,NA,1388,30,2772,1135,71,NA,NA,NA,144,401,250,981,NA,NA,172,60,5986
"130",2,201,20109,"Río Segundo",17,8725,5950,5813,42,2038,19,14,827,12,1682,665,11,77,42,70,314,119,18,2775,5950,5821,485,1440,NA,27,28,30,NA,631,15,1409,469,48,NA,NA,NA,106,334,222,577,NA,NA,101,28,2775
"131",2,201,20110,"Desamparados",32,16820,11625,11409,56,3840,23,38,1850,17,2991,1529,38,143,94,132,658,199,17,5195,11626,11374,620,2933,NA,75,43,85,NA,1476,37,2609,1109,116,NA,NA,NA,209,749,434,879,NA,NA,193,59,5194
"132",2,201,20111,"Turrúcares",12,5075,3541,3467,15,1055,6,3,839,1,938,332,13,12,20,63,170,69,5,1534,3540,3465,119,849,NA,8,18,13,NA,666,4,907,211,32,NA,NA,NA,24,105,176,333,NA,NA,51,24,1535
"133",2,201,20112,"Tambor",18,8637,5919,5799,35,1897,10,9,922,10,1725,679,9,63,28,93,319,112,8,2718,5919,5788,278,1747,NA,19,35,39,NA,663,12,1494,441,48,NA,NA,NA,80,209,257,466,NA,NA,98,33,2718
"134",2,201,20113,"Lagarita",9,4505,3133,3065,19,1025,6,1,538,3,880,376,8,31,9,34,135,59,9,1372,3131,3043,120,766,NA,55,19,19,NA,402,21,735,308,24,NA,NA,NA,50,115,107,302,NA,NA,63,25,1374
"135",2,201,20114,"San Miguel de Sarapiquí",6,1776,1171,1146,12,304,1,3,173,1,355,164,1,12,11,16,93,25,0,605,1170,1153,130,211,NA,0,15,5,NA,138,2,348,90,5,NA,NA,NA,23,35,35,116,NA,NA,13,4,606
"136",2,202,20201,"San Ramón",24,13093,10206,10102,20,4157,4,18,2628,7,2258,392,15,251,43,45,264,94,10,2887,10201,10069,159,4224,NA,38,16,73,NA,1842,22,1647,523,88,NA,NA,NA,682,203,191,361,NA,NA,90,42,2892
"137",2,202,20202,"Santiago",8,3258,2453,2400,8,784,2,8,619,2,659,102,6,97,12,16,85,44,9,805,2452,2393,35,748,NA,20,2,10,NA,439,1,586,130,20,NA,NA,NA,183,54,50,115,NA,NA,33,26,806
"138",2,202,20203,"San Juan",18,8855,6262,6165,21,2346,12,11,1681,6,1282,345,19,135,24,52,231,81,16,2593,6262,6133,149,2345,NA,24,11,44,NA,1157,10,1006,433,32,NA,NA,NA,302,160,150,310,NA,NA,78,51,2593
"139",2,202,20204,"Piedades Norte",12,5028,3656,3567,15,1103,2,13,1099,4,866,214,8,80,8,25,130,76,13,1372,3655,3554,72,1129,NA,13,12,45,NA,714,9,729,288,19,NA,NA,NA,216,63,73,172,NA,NA,65,36,1373
"140",2,202,20205,"Piedades Sur",10,2860,2123,2081,8,727,4,8,519,2,554,97,2,57,11,14,78,35,7,737,2123,2061,28,793,NA,8,1,20,NA,307,2,506,131,6,NA,NA,NA,113,22,30,94,NA,NA,29,33,737
"141",2,202,20206,"San Rafael",11,5454,3981,3913,13,1213,5,18,1140,6,933,252,5,94,19,61,154,55,13,1473,3981,3889,81,1031,NA,16,11,49,NA,711,20,765,422,24,NA,NA,NA,251,84,101,323,NA,NA,57,35,1473
"142",2,202,20207,"San Isidro",6,2647,1902,1862,8,607,0,5,536,2,489,110,3,29,6,16,51,34,6,745,1901,1847,41,648,NA,7,6,21,NA,327,5,380,154,9,NA,NA,NA,112,39,26,72,NA,NA,36,18,746
"143",2,202,20208,"Ángeles",12,5250,3761,3665,13,1000,12,17,1176,2,776,272,6,180,16,59,136,80,16,1489,3761,3663,94,1081,NA,19,12,53,NA,685,10,700,242,15,NA,NA,NA,377,90,107,178,NA,NA,71,27,1489
"144",2,202,20209,"Alfaro",9,3599,2525,2492,8,871,6,12,782,1,506,104,10,73,16,21,82,27,6,1074,2525,2478,50,845,NA,9,11,29,NA,466,11,480,150,17,NA,NA,NA,151,91,47,121,NA,NA,23,24,1074
"145",2,202,20210,"Volio",4,1516,1060,1040,7,305,5,3,291,2,260,78,5,22,3,8,51,18,2,456,1061,1039,37,300,NA,6,4,9,NA,199,3,231,106,8,NA,NA,NA,45,20,16,55,NA,NA,13,9,455
"146",2,202,20211,"Concepción",3,1605,1149,1122,7,306,1,7,357,4,262,90,2,40,5,6,35,22,5,456,1150,1110,34,325,NA,7,7,14,NA,192,4,226,159,3,NA,NA,NA,68,13,20,38,NA,NA,19,21,455
"147",2,202,20212,"Zapotal",3,290,213,209,1,34,0,1,35,1,111,16,0,2,0,0,8,3,1,77,213,205,2,43,NA,0,0,2,NA,10,0,104,13,1,NA,NA,NA,5,0,2,23,NA,NA,5,3,77
"148",2,202,20213,"Peñas Blancas",10,4612,3185,3071,15,659,9,9,751,9,947,231,3,224,37,22,155,94,20,1427,3183,3085,87,530,NA,13,11,18,NA,537,16,913,151,13,NA,NA,NA,437,108,59,192,NA,NA,68,30,1429
"149",2,203,20301,"Grecia",27,14286,10719,10574,34,4385,19,13,1779,14,2775,838,21,167,32,103,394,131,14,3567,10716,10549,425,3029,NA,31,58,42,NA,1447,21,3068,593,77,NA,NA,NA,186,316,364,892,NA,NA,124,43,3570
"150",2,203,20302,"San Isidro",9,4049,3066,3002,17,1186,5,6,431,2,733,337,6,41,16,61,161,60,4,983,3066,3012,96,884,NA,8,8,6,NA,352,11,795,283,18,NA,NA,NA,70,86,124,271,NA,NA,35,19,983
"151",2,203,20303,"San José",13,5950,4612,4519,20,1866,4,10,693,0,1233,392,7,70,18,40,166,78,15,1338,4612,4509,143,1434,NA,11,21,25,NA,545,21,1373,336,31,NA,NA,NA,93,89,104,283,NA,NA,72,31,1338
"152",2,203,20304,"San Roque",18,8003,6399,6318,19,2616,17,12,1086,5,1635,477,12,121,19,62,237,70,11,1604,6401,6318,188,1900,NA,11,61,30,NA,828,16,1863,358,56,NA,NA,NA,157,136,204,510,NA,NA,55,28,1602
"153",2,203,20305,"Tacares",11,5184,3774,3681,19,1323,6,14,531,7,1027,456,11,34,11,35,207,86,7,1410,3773,3681,141,1041,NA,9,20,25,NA,392,14,1117,343,12,NA,NA,NA,40,96,138,293,NA,NA,74,18,1411
"154",2,203,20306,"Río Cuarto",15,5274,3042,2961,14,692,6,5,490,5,1046,392,4,52,20,50,185,71,10,2232,3042,2962,80,602,NA,9,29,26,NA,363,6,1053,263,8,NA,NA,NA,70,83,107,263,NA,NA,54,26,2232
"155",2,203,20307,"Puente de Piedra",17,7111,5267,5148,29,1584,7,14,840,5,1376,730,7,73,36,166,281,105,14,1844,5266,5157,191,1133,NA,16,27,31,NA,667,22,1527,493,26,NA,NA,NA,99,249,292,384,NA,NA,80,29,1845
"156",2,203,20308,"Bolívar",13,5150,3770,3720,9,1437,5,8,668,2,956,360,5,48,18,34,170,44,6,1380,3769,3690,93,1057,NA,12,18,23,NA,496,5,1138,280,17,NA,NA,NA,53,107,91,300,NA,NA,48,31,1381
"157",2,204,20401,"San Mateo",6,2046,1431,1400,4,239,0,1,346,1,583,129,4,16,5,5,67,28,3,615,1431,1403,27,183,NA,22,1,6,NA,235,11,538,112,5,NA,NA,NA,30,59,24,150,NA,NA,18,10,615
"158",2,204,20402,"Desmonte",1,410,321,318,0,58,2,0,84,0,129,26,0,0,0,1,18,3,0,89,321,309,12,52,NA,0,1,2,NA,46,15,104,25,0,NA,NA,NA,1,4,5,42,NA,NA,7,5,89
"159",2,204,20403,"Jesús María",2,751,545,536,1,97,1,0,79,1,262,51,8,7,1,1,27,9,0,206,545,532,8,69,NA,2,1,1,NA,61,4,276,27,11,NA,NA,NA,12,9,13,38,NA,NA,10,3,206
"160",2,204,20404,"Labrador",2,837,515,508,3,64,2,1,66,2,266,45,0,5,4,2,48,7,0,322,514,508,12,41,NA,0,3,4,NA,48,1,269,36,0,NA,NA,NA,9,7,7,71,NA,NA,4,2,323
"161",2,205,20501,"Atenas",13,6410,5019,4959,6,2289,6,5,832,7,1228,258,6,59,27,18,218,53,7,1391,5019,4951,94,1709,NA,25,6,22,NA,679,49,1024,219,42,NA,NA,NA,75,563,53,391,NA,NA,49,19,1391
"162",2,205,20502,"Jesús",6,2887,2205,2164,9,936,3,4,313,11,638,111,2,21,15,10,91,36,5,682,2205,2161,93,638,NA,10,7,14,NA,232,116,514,86,16,NA,NA,NA,40,181,46,168,NA,NA,23,21,682
"163",2,205,20503,"Mercedes",4,2030,1437,1421,5,535,2,4,336,3,352,74,4,13,7,15,71,13,3,593,1437,1409,56,391,NA,5,3,9,NA,230,42,288,52,10,NA,NA,NA,22,118,36,147,NA,NA,14,14,593
"164",2,205,20504,"San Isidro",5,2071,1518,1486,5,497,1,2,348,9,396,83,3,11,23,5,103,26,6,553,1518,1484,64,350,NA,3,2,6,NA,211,43,323,50,10,NA,NA,NA,21,207,28,166,NA,NA,18,16,553
"165",2,205,20505,"Concepción",5,2500,1943,1914,9,655,2,3,330,1,601,101,8,7,19,12,166,23,6,557,1943,1913,65,455,NA,3,9,7,NA,259,12,508,81,12,NA,NA,NA,14,245,29,214,NA,NA,23,7,557
"166",2,205,20506,"Sanjosé",2,1096,764,750,6,292,0,2,126,1,243,35,1,8,3,1,32,10,4,332,764,747,25,233,NA,4,3,6,NA,96,5,221,19,1,NA,NA,NA,14,40,14,66,NA,NA,7,10,332
"167",2,205,20507,"Santa Eulalia",3,1325,931,917,3,371,0,4,178,1,239,54,0,9,8,13,37,12,2,394,931,913,30,269,NA,0,5,2,NA,131,5,204,40,3,NA,NA,NA,8,109,33,74,NA,NA,13,5,394
"168",2,205,20508,"Escobal",2,604,440,434,0,113,1,0,110,0,167,14,0,3,1,1,24,6,0,164,440,437,14,86,NA,1,4,2,NA,87,2,145,11,1,NA,NA,NA,14,7,5,58,NA,NA,3,0,164
"169",2,206,20601,"Naranjo",25,12209,8969,8794,37,2829,8,26,1790,9,2554,821,16,68,46,125,465,153,22,3240,8966,8767,219,2124,NA,16,61,102,NA,1400,129,2631,747,62,NA,NA,NA,114,283,311,568,NA,NA,124,75,3243
"170",2,206,20602,"San Miguel",5,2454,1754,1705,2,459,1,3,365,4,537,173,1,14,4,33,109,43,6,700,1754,1704,54,331,NA,2,13,9,NA,249,54,474,214,6,NA,NA,NA,31,44,71,152,NA,NA,33,17,700
"171",2,206,20603,"San José",5,2156,1639,1618,8,485,2,9,470,2,423,80,7,20,7,20,85,19,2,517,1638,1607,42,365,NA,3,10,17,NA,386,51,403,90,11,NA,NA,NA,34,38,45,112,NA,NA,20,11,518
"172",2,206,20604,"Cirrísur",6,3089,2218,2166,9,654,4,11,455,3,651,199,3,18,3,31,125,47,5,871,2218,2167,62,551,NA,6,10,12,NA,329,63,655,169,10,NA,NA,NA,33,44,61,162,NA,NA,39,12,871
"173",2,206,20605,"San Jerónimo",5,2122,1544,1504,5,376,1,2,283,16,452,166,5,10,6,38,144,30,10,578,1544,1495,35,251,NA,2,1,9,NA,171,355,290,103,6,NA,NA,NA,11,44,62,155,NA,NA,29,20,578
"174",2,206,20606,"San Juan",5,2207,1669,1637,7,495,3,1,362,1,484,127,2,9,4,30,112,26,6,538,1670,1630,32,420,NA,4,11,11,NA,292,21,495,108,2,NA,NA,NA,14,22,62,136,NA,NA,31,9,537
"175",2,206,20607,"Rosario",6,2463,1794,1743,8,506,1,3,270,2,644,164,4,14,8,12,107,44,7,669,1794,1751,36,425,NA,2,3,6,NA,226,23,567,110,6,NA,NA,NA,25,77,41,204,NA,NA,37,6,669
"176",2,206,20608,"Palmitos",7,3194,2309,2266,9,789,1,9,484,1,609,164,2,29,10,14,145,39,4,885,2312,2266,56,616,NA,7,6,17,NA,358,21,630,127,13,NA,NA,NA,46,36,32,301,NA,NA,30,16,882
"177",2,207,20701,"Palmares",10,4984,4044,3999,1,1099,8,7,755,3,1834,90,6,40,4,39,113,37,8,940,4043,3989,45,1112,NA,9,6,14,NA,626,6,1695,88,25,NA,NA,NA,64,48,119,132,NA,NA,35,19,941
"178",2,207,20702,"Zaragoza",15,7051,5434,5331,7,1429,8,9,1199,2,2220,154,6,52,18,53,174,91,12,1617,5434,5339,103,1309,NA,14,21,36,NA,911,7,2037,144,21,NA,NA,NA,104,95,230,307,NA,NA,62,33,1617
"179",2,207,20703,"Buenos Aires",9,4884,3804,3736,3,1020,4,4,846,1,1558,98,18,49,10,25,100,60,8,1080,3805,3727,87,897,NA,12,11,15,NA,713,8,1447,96,34,NA,NA,NA,81,98,97,131,NA,NA,59,19,1079
"180",2,207,20704,"Santiago",3,1691,1256,1221,3,270,1,3,323,1,525,37,1,10,3,5,39,26,9,435,1257,1226,29,268,NA,4,1,4,NA,234,0,504,36,4,NA,NA,NA,36,8,20,78,NA,NA,11,20,434
"181",2,207,20705,"Candelaria",3,1486,1054,1015,3,153,0,1,319,0,419,45,4,5,3,16,47,36,3,432,1054,1016,29,133,NA,4,7,8,NA,260,1,367,39,4,NA,NA,NA,9,38,58,59,NA,NA,34,4,432
"182",2,207,20706,"Esquipulas",8,4175,3099,3031,10,620,4,5,737,0,1291,107,6,57,6,66,122,62,6,1076,3100,3022,51,568,NA,8,6,26,NA,501,4,1193,103,14,NA,NA,NA,119,71,208,150,NA,NA,58,20,1075
"183",2,207,20707,"Granja",7,2861,2259,2212,7,612,5,6,463,2,938,50,2,28,5,34,60,39,8,602,2259,2207,34,528,NA,7,7,9,NA,364,1,905,40,11,NA,NA,NA,52,37,135,77,NA,NA,32,20,602
"184",2,208,20801,"San Pedro",15,6844,5398,5315,19,1938,5,10,868,6,1519,598,6,89,17,66,174,76,7,1446,5400,5300,201,1610,NA,21,7,35,NA,751,23,1380,469,28,NA,NA,NA,132,134,191,318,NA,NA,72,28,1444
"185",2,208,20802,"San Juan",5,2117,1557,1527,5,394,2,7,227,6,516,282,1,21,5,18,43,24,6,560,1557,1513,63,362,NA,3,1,10,NA,181,10,455,217,8,NA,NA,NA,35,42,43,83,NA,NA,29,15,560
"186",2,208,20803,"San Rafael",7,3391,2814,2773,14,790,0,7,416,3,970,262,3,114,8,77,109,37,4,577,2814,2772,92,625,NA,9,7,15,NA,348,10,909,223,12,NA,NA,NA,153,36,152,181,NA,NA,32,10,577
"187",2,208,20804,"Carrillos",11,5895,4202,4122,25,1337,13,5,635,6,1206,590,10,39,24,40,192,71,9,1693,4203,4114,339,1033,NA,17,28,28,NA,468,10,1038,399,19,NA,NA,NA,53,264,130,288,NA,NA,72,17,1692
"188",2,208,20805,"Sabana Redonda",3,1500,1012,977,5,227,0,4,166,3,280,222,9,4,10,8,39,32,3,488,1012,983,49,188,NA,2,7,14,NA,138,6,243,157,17,NA,NA,NA,11,51,27,73,NA,NA,15,14,488
"189",2,209,20901,"Orotina",16,7465,5142,5060,19,1005,4,4,894,3,2173,343,12,49,13,52,489,70,12,2323,5147,5050,189,700,NA,7,15,17,NA,591,14,1828,205,26,NA,NA,NA,55,164,163,1076,NA,NA,66,31,2318
"190",2,209,20902,"Mastate",3,1406,869,854,7,155,2,2,177,1,317,96,2,3,6,2,84,13,2,537,869,859,129,106,NA,2,3,3,NA,113,3,249,51,2,NA,NA,NA,5,29,24,140,NA,NA,8,2,537
"191",2,209,20903,"Hacienda Vieja",2,832,567,553,1,111,2,0,105,0,235,47,0,2,2,7,41,13,1,265,567,550,21,73,NA,2,3,1,NA,75,1,227,34,4,NA,NA,NA,2,14,23,70,NA,NA,9,8,265
"192",2,209,20904,"Coyolar",7,3297,1800,1752,8,168,4,3,363,0,773,158,7,5,8,18,237,40,8,1497,1800,1758,74,139,NA,3,2,7,NA,261,3,664,103,13,NA,NA,NA,24,57,65,343,NA,NA,33,9,1497
"193",2,209,20905,"Ceiba",3,1116,624,609,2,83,0,3,62,0,325,66,1,3,1,11,52,11,4,492,624,611,13,61,NA,0,1,5,NA,45,0,307,49,1,NA,NA,NA,11,17,16,85,NA,NA,6,7,492
"194",2,210,21001,"Quesada",68,31064,22493,22137,70,8186,25,44,2922,9,6208,1881,58,1182,184,142,1226,317,39,8571,22492,22131,1343,6162,NA,65,245,123,NA,2788,34,5554,1252,429,NA,NA,NA,1262,1044,398,1432,NA,NA,250,111,8572
"195",2,210,21002,"Florencia",23,9870,6990,6823,43,2018,10,17,837,11,2019,994,14,357,62,36,405,151,16,2880,6982,6823,267,1616,NA,21,101,46,NA,721,12,1928,664,65,NA,NA,NA,344,383,123,532,NA,NA,118,41,2888
"196",2,210,21003,"Buenavista",1,288,203,196,0,65,0,0,17,0,75,21,0,7,1,2,8,5,2,85,203,197,3,57,NA,1,0,0,NA,15,0,86,11,1,NA,NA,NA,6,3,0,14,NA,NA,4,2,85
"197",2,210,21004,"Aguas Zarcas",24,11933,8182,8030,45,2014,9,25,1075,7,2424,1093,10,662,68,86,512,141,11,3751,8183,8016,340,1604,NA,26,32,64,NA,863,11,2297,783,53,NA,NA,NA,707,333,194,709,NA,NA,115,52,3750
"198",2,210,21005,"Venecia",13,5813,4293,4207,14,1285,7,11,491,5,1226,470,4,418,19,50,207,76,10,1520,4293,4208,124,1126,NA,18,18,25,NA,395,10,1213,303,28,NA,NA,NA,424,92,85,347,NA,NA,60,25,1520
"199",2,210,21006,"Pital",18,8560,5681,5548,31,1336,19,16,930,4,1534,992,5,197,43,19,422,115,18,2879,5679,5539,276,1179,NA,16,75,34,NA,713,16,1534,672,30,NA,NA,NA,209,154,87,544,NA,NA,91,49,2881
"200",2,210,21007,"Fortuna",17,8052,5405,5312,20,1632,10,13,862,4,1361,759,9,264,32,28,318,82,11,2647,5407,5297,197,1367,NA,16,43,58,NA,677,33,1323,544,53,NA,NA,NA,273,213,115,385,NA,NA,78,32,2645
"201",2,210,21008,"Tigra",9,3759,2803,2719,14,677,6,8,691,5,715,236,6,138,60,39,124,73,11,956,2804,2729,88,593,NA,10,15,32,NA,526,6,734,144,34,NA,NA,NA,142,139,75,191,NA,NA,58,17,955
"202",2,210,21009,"Palmera",10,3846,2714,2663,5,651,5,16,300,3,978,324,3,105,49,37,187,41,10,1132,2714,2665,76,443,NA,12,11,25,NA,219,6,843,158,41,NA,NA,NA,130,167,71,463,NA,NA,34,15,1132
"203",2,210,21010,"Venado",3,1035,690,675,1,209,1,1,115,1,160,128,1,13,2,7,36,14,1,345,688,668,9,192,NA,1,2,3,NA,85,2,169,86,3,NA,NA,NA,19,16,26,55,NA,NA,15,5,347
"204",2,210,21011,"Cutris",14,4282,3046,3004,12,589,5,6,479,1,1047,377,3,251,43,16,175,36,6,1236,3045,2987,58,471,NA,10,78,15,NA,335,4,1155,221,11,NA,NA,NA,237,157,35,200,NA,NA,36,22,1237
"205",2,210,21012,"Monterrey",7,2034,1485,1464,5,454,5,8,266,2,474,108,3,43,9,10,77,18,3,549,1485,1458,28,442,NA,3,6,27,NA,211,0,484,69,6,NA,NA,NA,46,25,24,87,NA,NA,19,8,549
"206",2,210,21013,"Pocosol",20,7166,4722,4602,21,882,10,22,1050,7,1443,688,9,150,70,54,196,106,14,2444,4722,4594,164,742,NA,13,94,45,NA,808,21,1393,464,22,NA,NA,NA,164,277,130,257,NA,NA,86,42,2444
"207",2,211,21101,"Zarcero",8,3544,2873,2827,6,917,7,6,544,0,915,141,8,49,8,21,205,42,4,671,2866,2811,72,739,NA,14,16,22,NA,408,3,943,143,25,NA,NA,NA,59,44,45,278,NA,NA,26,29,678
"208",2,211,21102,"Laguna",2,1084,890,874,2,245,0,0,106,1,354,52,2,18,4,8,82,15,1,194,890,868,19,203,NA,2,4,2,NA,75,4,343,50,2,NA,NA,NA,21,8,16,119,NA,NA,14,8,194
"209",2,211,21103,"Tapezco",2,870,753,749,1,218,0,0,99,0,334,16,3,9,1,2,66,3,1,117,753,749,32,149,NA,1,2,1,NA,94,0,317,17,5,NA,NA,NA,19,13,9,90,NA,NA,1,3,117
"210",2,211,21104,"Guadalupe",3,467,360,354,1,77,1,0,77,1,161,13,2,2,0,2,17,4,2,107,359,348,12,75,NA,1,3,2,NA,52,2,149,10,1,NA,NA,NA,11,2,2,26,NA,NA,5,6,108
"211",2,211,21105,"Palmira",2,889,744,733,2,173,3,0,72,1,360,46,1,20,2,1,52,9,2,145,744,736,16,107,NA,2,4,1,NA,44,8,407,34,2,NA,NA,NA,35,5,7,64,NA,NA,5,3,145
"212",2,211,21106,"Zapote",2,423,344,339,0,95,0,1,42,0,159,16,0,7,2,0,17,4,1,79,344,338,1,88,NA,1,0,1,NA,28,1,168,13,1,NA,NA,NA,8,3,2,23,NA,NA,4,2,79
"213",2,211,21107,"Brisas",3,1213,1051,1031,2,401,0,1,94,3,451,20,3,22,1,1,32,17,3,162,1050,1028,44,323,NA,2,1,3,NA,80,2,478,15,7,NA,NA,NA,21,5,7,40,NA,NA,11,11,163
"214",2,212,21201,"Sarchí Norte",13,5892,4108,4036,6,1092,12,8,755,1,987,726,10,32,19,93,295,63,9,1784,4110,4019,118,859,NA,16,36,32,NA,552,42,911,549,30,NA,NA,NA,42,166,203,463,NA,NA,61,30,1782
"215",2,212,21202,"Sarchí Sur",8,4220,2882,2829,13,919,2,3,504,3,683,376,9,32,10,110,165,44,9,1338,2882,2822,107,767,NA,7,7,14,NA,377,16,600,301,23,NA,NA,NA,39,81,226,257,NA,NA,41,19,1338
"216",2,212,21203,"Toro Amarillo",1,156,114,112,0,15,1,0,13,0,39,39,0,1,0,1,3,2,0,42,114,111,2,11,NA,0,1,1,NA,9,0,40,28,0,NA,NA,NA,1,2,3,13,NA,NA,2,1,42
"217",2,212,21204,"San Pedro",5,2103,1565,1538,7,361,2,0,347,0,478,212,7,15,7,37,65,22,5,538,1563,1523,48,278,NA,0,10,8,NA,243,14,452,181,12,NA,NA,NA,20,31,85,141,NA,NA,24,16,540
"218",2,212,21205,"Rodríguez",3,1339,977,966,1,253,1,0,245,1,274,101,2,9,3,19,57,9,2,362,978,958,22,204,NA,2,1,6,NA,177,26,251,91,4,NA,NA,NA,14,31,44,85,NA,NA,12,8,361
"219",2,213,21301,"Upala",15,7132,4258,4125,31,576,6,12,882,5,1517,611,7,25,44,84,325,114,19,2874,4258,4110,180,504,NA,96,9,33,NA,692,9,1360,404,16,NA,NA,NA,52,146,165,444,NA,NA,98,50,2874
"220",2,213,21302,"Aguas Claras",11,3106,2010,1932,15,242,5,7,400,1,805,235,2,11,32,22,155,61,17,1096,2010,1930,28,259,NA,100,10,21,NA,297,4,739,138,2,NA,NA,NA,15,69,37,211,NA,NA,46,34,1096
"221",2,213,21303,"San José [Pizote]",10,3696,1877,1783,9,112,4,5,291,3,600,560,2,11,17,14,155,62,32,1819,1877,1768,32,125,NA,340,3,20,NA,186,2,485,288,3,NA,NA,NA,36,28,31,189,NA,NA,58,51,1819
"222",2,213,21304,"Bijagua",8,2819,1850,1789,6,335,1,4,415,3,666,198,2,3,26,17,113,51,10,969,1850,1782,38,291,NA,12,6,14,NA,291,2,609,101,1,NA,NA,NA,10,86,46,275,NA,NA,53,15,969
"223",2,213,21305,"Delicias",4,1915,1046,1017,7,81,0,2,202,1,343,254,2,5,6,20,94,17,12,869,1047,995,27,90,NA,164,3,11,NA,116,1,260,130,1,NA,NA,NA,11,24,33,124,NA,NA,30,22,868
"224",2,213,21306,"Dosríos",5,1640,861,822,6,38,1,2,118,0,322,247,1,1,6,7,73,35,4,779,861,830,13,49,NA,7,3,9,NA,86,2,325,201,2,NA,NA,NA,5,23,9,96,NA,NA,20,11,779
"225",2,213,21307,"Yolillal",6,1858,1130,1100,6,53,2,4,163,1,453,259,3,3,11,0,142,27,3,728,1130,1098,27,64,NA,14,2,7,NA,109,2,441,178,3,NA,NA,NA,13,34,14,190,NA,NA,18,14,728
"226",2,213,21308,"Canalete",6,2431,1429,1372,6,144,4,2,350,3,486,212,2,10,33,17,103,52,5,1002,1429,1379,48,161,NA,17,9,8,NA,334,5,425,137,5,NA,NA,NA,18,65,42,105,NA,NA,37,13,1002
"227",2,214,21401,"Los Chiles",14,5426,3149,3028,7,322,6,97,826,2,872,496,5,34,63,69,229,105,16,2277,3145,3044,73,282,NA,4,31,193,NA,619,5,727,314,19,NA,NA,NA,52,160,134,431,NA,NA,60,41,2281
"228",2,214,21402,"Caño Negro",3,991,593,563,1,43,2,1,94,4,266,79,1,5,6,16,45,23,7,398,593,568,9,34,NA,1,5,3,NA,69,1,222,65,4,NA,NA,NA,9,26,32,88,NA,NA,15,10,398
"229",2,214,21403,"El Amparo",8,2682,1683,1645,8,260,4,14,597,4,402,192,4,59,17,16,68,29,9,999,1683,1633,43,228,NA,11,12,32,NA,385,2,344,119,37,NA,NA,NA,190,68,51,111,NA,NA,35,15,999
"230",2,214,21404,"San Jorge",4,1358,881,858,9,181,1,2,270,3,172,124,1,25,10,13,47,21,2,477,881,859,21,156,NA,2,5,7,NA,190,34,180,76,5,NA,NA,NA,24,29,25,105,NA,NA,14,8,477
"231",2,215,21501,"San Rafael",14,5160,3258,3175,17,471,8,7,539,3,1198,539,2,26,70,87,208,75,8,1902,3258,3161,281,363,NA,9,10,19,NA,307,3,942,290,29,NA,NA,NA,38,212,157,501,NA,NA,69,28,1902
"232",2,215,21502,"Buenavista",3,951,614,588,4,65,2,1,169,3,177,92,2,0,21,14,38,20,6,337,611,587,30,69,NA,3,2,16,NA,109,1,147,35,12,NA,NA,NA,8,18,35,102,NA,NA,16,8,340
"233",2,215,21503,"Cote",1,521,349,341,0,32,0,1,71,0,162,28,0,1,1,11,34,6,2,172,349,339,1,29,NA,2,6,0,NA,40,1,137,16,0,NA,NA,NA,7,5,9,86,NA,NA,3,7,172
"234",2,215,21504,"Katira",8,3287,2155,2080,10,241,2,2,296,3,999,361,6,12,26,33,89,65,10,1132,2154,2065,86,199,NA,10,62,14,NA,194,10,874,207,6,NA,NA,NA,31,67,72,233,NA,NA,65,24,1133
"235",3,301,30101,"Oriental",25,13434,10655,10549,25,4690,32,5,1237,11,2886,820,26,280,15,53,469,92,14,2779,10657,10514,325,3413,893,NA,133,32,NA,1120,21,2587,726,81,NA,NA,NA,287,77,208,509,102,NA,105,38,2777
"236",3,301,30102,"Occidental",19,9809,7840,7747,26,3512,13,20,895,10,2022,663,29,136,12,40,369,83,10,1969,7840,7723,283,2491,837,NA,58,36,NA,775,14,1779,510,87,NA,NA,NA,161,48,156,381,107,NA,83,34,1969
"237",3,301,30103,"Carmen",24,12616,9717,9549,47,3857,21,22,1300,21,2547,943,39,191,19,53,489,142,26,2899,9717,9536,465,2505,1568,NA,82,50,NA,1063,28,2151,587,67,NA,NA,NA,171,84,156,507,52,NA,141,40,2899
"238",3,301,30104,"San Nícolas",34,17515,13065,12746,86,4398,25,25,1783,20,3746,1564,29,262,44,119,645,287,32,4450,13065,12757,681,2879,2002,NA,77,51,NA,1230,46,3111,1082,73,NA,NA,NA,264,155,295,723,88,NA,253,55,4450
"239",3,301,30105,"Agua Caliente o San Francisco",44,22830,17362,16936,127,6122,38,73,2328,30,4010,2498,71,315,34,229,1061,363,63,5468,17362,16901,678,3628,4496,NA,105,95,NA,1553,50,2903,1115,93,NA,NA,NA,276,205,515,1084,105,NA,365,96,5468
"240",3,301,30106,"Guadalupe",20,10904,8646,8468,48,3324,14,26,1068,11,2315,944,41,130,16,81,450,151,27,2258,8646,8436,405,2152,1412,NA,66,48,NA,752,26,1878,670,73,NA,NA,NA,124,78,234,460,58,NA,156,54,2258
"241",3,301,30107,"Corralillo",18,7871,5946,5841,43,1273,11,13,1340,7,2541,287,10,93,19,24,180,82,23,1925,5946,5802,940,738,349,NA,25,17,NA,784,29,2345,142,26,NA,NA,NA,121,64,75,135,12,NA,93,51,1925
"242",3,301,30108,"Tierra Blanca",8,4218,3224,3114,38,1187,9,17,287,7,842,382,13,95,10,13,214,96,14,994,3224,3111,199,871,208,NA,25,30,NA,232,13,799,320,13,NA,NA,NA,82,23,41,245,10,NA,76,37,994
"243",3,301,30109,"Dulce Nombre",15,7238,5735,5618,43,2231,14,23,772,11,1361,583,35,136,15,27,367,99,18,1503,5734,5628,430,1482,814,NA,34,36,NA,559,13,1117,330,40,NA,NA,NA,130,60,140,410,33,NA,78,28,1504
"244",3,301,30110,"Llano Grande",6,3096,2132,2061,14,563,3,6,179,2,611,385,7,177,2,6,106,61,10,964,2132,2065,96,383,493,NA,7,13,NA,106,11,489,189,9,NA,NA,NA,105,16,25,106,17,NA,46,21,964
"245",3,301,30111,"Quebradilla",8,3932,2638,2561,20,736,4,4,273,7,828,428,7,26,8,26,194,63,14,1294,2637,2534,129,539,204,NA,13,14,NA,154,9,809,272,14,NA,NA,NA,52,65,51,197,12,NA,63,40,1295
"246",3,302,30201,"Paraíso",34,17937,13866,13579,51,5062,12,29,2290,17,3270,1143,44,711,20,78,852,258,29,4071,13865,13525,357,2495,420,NA,33,43,NA,1553,45,2173,516,633,NA,NA,NA,464,122,202,4428,41,NA,256,84,4072
"247",3,302,30202,"Santiago",9,3649,2658,2568,10,572,2,0,342,3,892,261,9,180,10,78,209,83,7,991,2658,2590,73,312,40,NA,9,11,NA,183,7,680,128,15,NA,NA,NA,151,30,141,796,14,NA,54,14,991
"248",3,302,30203,"Orosi",15,6795,5011,4801,32,1470,4,5,874,8,1106,690,10,92,12,27,471,195,15,1784,5011,4820,173,726,119,NA,13,19,NA,455,13,742,322,32,NA,NA,NA,89,53,52,1991,21,NA,153,38,1784
"249",3,302,30204,"Cachi",10,4325,3261,3163,16,974,4,8,702,3,761,272,7,109,10,21,276,91,7,1064,3267,3168,133,655,74,NA,16,27,NA,472,7,661,157,23,NA,NA,NA,129,37,74,693,10,NA,74,25,1058
"250",3,302,30205,"Llanos de Santa Lucía",19,10294,7383,7130,61,1869,14,33,1151,9,1679,1424,17,254,28,99,492,229,24,2911,7383,7144,449,1070,684,NA,24,46,NA,794,17,1209,723,81,NA,NA,NA,199,75,256,1450,67,NA,198,41,2911
"251",3,303,30301,"Tres Ríos",20,10881,8407,8278,38,3595,14,16,1011,20,2168,705,29,172,33,79,398,120,9,2474,8402,8282,335,2601,179,NA,27,37,NA,847,42,2294,593,98,NA,NA,NA,188,237,239,426,139,NA,88,32,2479
"252",3,303,30302,"San Diego",23,12434,8581,8446,59,3251,27,19,1268,17,1937,1035,30,113,61,87,542,121,14,3853,8579,8422,414,2217,340,NA,45,51,NA,944,57,1752,696,77,NA,NA,NA,136,523,274,570,326,NA,126,31,3855
"253",3,303,30303,"San Juan",16,7896,6179,6134,12,2854,10,12,764,10,1481,569,28,78,12,68,236,40,5,1717,6178,6103,158,2192,190,NA,29,18,NA,715,26,1343,521,75,NA,NA,NA,122,173,229,277,35,NA,55,20,1718
"254",3,303,30304,"San Rafael",15,7974,5679,5567,48,2086,13,21,667,10,1481,767,18,81,36,42,297,97,15,2295,5679,5552,264,1397,626,NA,18,35,NA,525,19,1362,483,53,NA,NA,NA,107,162,144,305,52,NA,98,29,2295
"255",3,303,30305,"Concepción",21,10861,7883,7725,47,3076,16,25,1138,21,1781,971,20,146,28,81,375,139,19,2978,7882,7716,337,2218,714,NA,41,37,NA,922,48,1524,685,68,NA,NA,NA,160,191,268,401,102,NA,128,38,2979
"256",3,303,30306,"Dulce Nombre",11,5658,3844,3769,32,1254,6,14,433,12,997,553,17,49,26,37,339,69,6,1814,3844,3763,210,943,198,NA,17,28,NA,320,27,926,386,36,NA,NA,NA,46,92,103,387,44,NA,63,18,1814
"257",3,303,30307,"San Ramón",6,3225,2346,2322,5,1086,4,3,279,4,481,308,6,33,8,25,80,23,1,879,2346,2309,71,811,63,NA,6,15,NA,270,10,452,282,34,NA,NA,NA,43,72,84,86,10,NA,27,10,879
"258",3,303,30308,"Río Azul",10,5512,3308,3174,26,849,2,14,482,30,868,538,10,33,21,63,238,128,6,2204,3307,3183,221,538,65,NA,18,37,NA,330,430,663,268,12,NA,NA,NA,36,120,217,220,8,NA,101,23,2205
"259",3,304,30401,"Juan Viñas",14,5246,3839,3759,49,876,8,12,587,10,1478,419,34,47,17,33,189,66,14,1407,3839,3740,214,693,127,NA,19,21,NA,451,13,1344,338,34,NA,NA,NA,63,68,94,231,30,NA,74,25,1407
"260",3,304,30402,"Tucurrique",8,3441,2416,2309,25,508,3,8,569,8,592,268,5,23,15,16,269,91,16,1025,2417,2311,96,311,62,NA,5,11,NA,353,17,479,118,11,NA,NA,NA,20,55,43,723,7,NA,75,31,1024
"261",3,304,30403,"Pejibaye",7,2621,1840,1784,11,407,2,8,425,3,648,145,3,15,14,11,92,50,6,781,1840,1769,83,329,23,NA,1,14,NA,307,4,646,92,5,NA,NA,NA,24,83,24,126,8,NA,49,22,781
"262",3,305,30501,"Turrialba",47,21637,15603,15312,61,5116,26,41,3052,24,4653,958,45,141,63,125,1007,249,42,6034,15601,15247,364,3828,350,NA,37,83,NA,2382,81,5052,675,77,NA,NA,NA,181,180,320,1543,94,NA,249,105,6036
"263",3,305,30502,"La Suiza",16,6532,4498,4368,30,1022,16,15,903,7,1492,428,19,40,29,26,341,110,20,2034,4498,4350,133,667,235,NA,26,29,NA,593,24,1386,262,13,NA,NA,NA,41,49,71,803,18,NA,96,52,2034
"264",3,305,30503,"Peralta",1,315,202,198,1,7,1,0,33,0,63,21,1,1,1,0,69,3,1,113,202,197,1,3,4,NA,0,1,NA,8,0,34,4,0,NA,NA,NA,1,2,3,136,0,NA,5,0,113
"265",3,305,30504,"Santa Cruz",9,2548,1584,1526,15,411,2,7,261,0,555,175,2,8,4,5,81,44,14,964,1584,1524,97,361,39,NA,4,9,NA,168,10,570,115,5,NA,NA,NA,19,5,12,101,9,NA,34,26,964
"266",3,305,30505,"Santa Teresita",11,3756,2541,2461,16,387,7,11,474,1,926,396,5,16,12,18,192,67,13,1215,2541,2451,68,355,18,NA,11,13,NA,373,11,951,257,8,NA,NA,NA,33,20,50,275,8,NA,66,24,1215
"267",3,305,30506,"Pavones",7,3412,2173,2091,17,582,6,6,341,5,629,237,6,22,16,34,190,68,14,1239,2173,2095,85,484,53,NA,4,22,NA,228,10,633,154,1,NA,NA,NA,33,45,54,249,40,NA,53,25,1239
"268",3,305,30507,"Tuis",6,1764,1173,1150,6,329,2,5,166,5,416,102,11,15,10,6,77,21,2,591,1173,1139,33,237,58,NA,3,8,NA,101,3,398,61,7,NA,NA,NA,20,20,18,158,14,NA,15,19,591
"269",3,305,30508,"Tayutic",5,1709,1105,1084,13,272,3,5,184,0,402,91,3,10,5,6,90,15,6,604,1105,1069,56,191,14,NA,3,6,NA,113,4,400,54,2,NA,NA,NA,21,14,17,165,9,NA,23,13,604
"270",3,305,30509,"Santa Rosa",8,4089,2899,2831,14,861,4,5,491,5,957,248,5,31,8,19,183,56,12,1190,2899,2831,95,643,71,NA,3,8,NA,357,18,1065,164,16,NA,NA,NA,38,15,49,276,13,NA,47,21,1190
"271",3,305,30510,"Tres Equis",3,1351,831,794,7,152,2,3,123,2,256,148,2,2,9,2,86,32,5,520,831,791,26,124,12,NA,0,5,NA,88,5,313,89,2,NA,NA,NA,2,14,14,93,4,NA,23,17,520
"272",3,305,30511,"La Isabel",10,4712,3117,3032,24,733,11,13,654,2,841,292,8,23,20,54,357,74,11,1595,3117,3009,95,511,121,NA,16,22,NA,452,16,826,172,10,NA,NA,NA,32,56,94,570,16,NA,74,34,1595
"273",3,305,30512,"Chirripo",12,2829,902,850,10,59,6,3,151,4,297,106,3,7,10,19,175,47,5,1927,902,842,25,63,11,NA,7,4,NA,130,1,266,84,4,NA,NA,NA,6,23,23,192,3,NA,41,19,1927
"274",3,306,30601,"Pacayas",10,4057,2833,2753,21,948,5,6,304,4,774,430,5,78,3,8,167,68,12,1224,2833,2743,118,583,67,NA,18,20,NA,228,10,621,248,9,NA,NA,NA,156,15,29,608,13,NA,58,32,1224
"275",3,306,30602,"Cervantes",7,3857,2784,2712,8,902,7,5,380,6,741,291,11,81,10,35,235,60,12,1073,2784,2702,103,644,188,NA,18,16,NA,258,11,611,164,15,NA,NA,NA,228,28,64,337,17,NA,52,30,1073
"276",3,306,30603,"Capellades",4,1570,1122,1087,10,439,0,6,113,4,293,98,3,20,5,5,91,31,4,448,1122,1084,52,323,15,NA,2,7,NA,74,2,255,67,2,NA,NA,NA,27,5,8,231,14,NA,20,18,448
"277",3,307,30701,"Sanrafael",40,20685,15684,15374,94,6083,29,53,2077,7,3757,1930,54,356,34,112,788,282,28,5001,15680,15304,752,4300,2121,NA,98,82,NA,1617,30,3120,1173,120,NA,NA,NA,363,141,328,953,106,NA,294,82,5005
"278",3,307,30702,"Cot",13,6591,4827,4665,42,1367,9,27,582,7,1244,692,11,156,15,60,453,145,17,1764,4826,4639,212,862,221,NA,25,32,NA,425,10,1013,381,22,NA,NA,NA,115,42,142,1086,51,NA,148,39,1765
"279",3,307,30703,"Potrero Cerrado",3,1349,952,924,8,235,7,2,73,3,382,143,5,13,3,4,46,24,4,397,952,925,39,193,29,NA,8,6,NA,56,4,386,96,6,NA,NA,NA,21,8,11,57,5,NA,19,8,397
"280",3,307,30704,"Cipreses",5,2509,1738,1680,8,536,6,5,185,1,593,210,12,54,2,6,62,45,13,771,1739,1671,85,383,279,NA,6,10,NA,117,3,477,126,4,NA,NA,NA,43,5,20,81,32,NA,56,12,770
"281",3,307,30705,"Santa Rosa",5,2227,1443,1400,7,310,3,4,194,3,472,210,3,69,1,7,117,36,7,784,1443,1391,66,252,119,NA,19,12,NA,131,5,434,123,2,NA,NA,NA,71,4,16,131,6,NA,34,18,784
"282",3,308,30801,"El Tejar",34,17510,13625,13349,71,5251,18,29,1711,15,3719,1370,44,195,34,140,752,250,26,3885,13618,13325,629,3712,1572,NA,53,61,NA,1616,33,3037,878,80,NA,NA,NA,256,191,323,817,67,NA,230,63,3892
"283",3,308,30802,"San Isidro",16,7508,5643,5472,52,1368,11,19,611,4,1962,730,25,137,14,43,496,141,30,1865,5644,5448,233,854,861,NA,17,24,NA,837,19,1512,376,22,NA,NA,NA,113,31,93,399,57,NA,130,66,1864
"284",3,308,30803,"Tobosi",10,4864,3506,3407,21,871,6,12,417,8,1080,501,16,38,11,36,390,79,20,1358,3504,3384,254,501,222,NA,13,17,NA,381,34,1067,233,21,NA,NA,NA,105,81,86,328,41,NA,67,53,1360
"285",3,308,30804,"Patio de Agua",2,392,286,275,0,42,2,0,45,1,148,19,0,2,3,0,13,11,0,106,286,273,16,28,6,NA,5,0,NA,32,0,152,12,1,NA,NA,NA,0,2,6,12,1,NA,7,6,106
"286",4,401,40101,"Heredia",34,17748,13195,13080,20,5480,12,16,2196,8,3491,907,32,212,21,106,579,100,15,4553,13186,13017,360,4798,NA,NA,60,63,NA,1800,35,3198,795,126,19,NA,NA,303,176,472,812,NA,NA,121,48,4562
"287",4,401,40102,"Mercedes",37,19971,15552,15390,48,7070,19,26,2450,9,3726,1099,54,223,14,74,578,143,19,4419,15549,15373,521,6106,NA,NA,70,75,NA,1995,37,3428,998,214,14,NA,NA,301,241,519,854,NA,NA,134,42,4422
"288",4,401,40103,"San Francisco",62,34260,23879,23509,110,8772,40,89,3769,19,5835,3000,90,267,89,334,1095,334,36,10381,23878,23482,932,7072,NA,NA,151,272,NA,3113,86,4921,2273,242,34,NA,NA,405,799,1529,1653,NA,NA,310,86,10382
"289",4,401,40104,"Ulloa",35,18095,13205,13034,50,4952,21,37,1923,14,3594,1373,53,142,47,165,663,155,16,4890,13204,13012,489,4009,NA,NA,60,93,NA,1638,40,3124,1135,178,19,NA,NA,212,373,664,978,NA,NA,144,48,4891
"290",4,401,40105,"Varablanca",2,526,345,338,1,74,0,1,50,0,108,33,1,0,1,1,68,5,2,181,345,341,4,45,NA,NA,1,2,NA,12,0,102,6,0,1,NA,NA,1,14,10,143,NA,NA,4,0,181
"291",4,402,40201,"Barva",11,5816,4528,4471,11,1783,9,8,937,2,1125,269,10,53,11,39,214,51,6,1288,4524,4465,128,1464,NA,NA,46,16,NA,863,13,940,240,45,9,NA,NA,65,81,208,347,NA,NA,44,15,1292
"292",4,402,40202,"San Pedro",14,7549,5373,5279,19,2099,16,11,977,7,1242,498,16,57,11,78,248,79,15,2176,5372,5277,299,1768,NA,NA,37,30,NA,789,16,1069,380,31,5,NA,NA,83,139,288,343,NA,NA,75,20,2177
"293",4,402,40203,"San Pablo",10,5187,3968,3908,18,1615,9,5,731,6,926,298,11,36,15,48,190,55,5,1219,3968,3903,170,1271,NA,NA,30,20,NA,659,16,781,262,40,7,NA,NA,56,104,221,266,NA,NA,51,14,1219
"294",4,402,40204,"San Roque",5,2597,2043,2011,10,930,1,5,306,2,449,157,5,36,4,16,90,30,2,554,2043,2020,94,779,NA,NA,18,3,NA,274,7,384,157,19,2,NA,NA,41,32,89,121,NA,NA,15,8,554
"295",4,402,40205,"Santa Lucia",9,4925,3914,3867,12,1873,6,9,590,3,836,301,13,50,2,35,137,43,4,1011,3913,3863,118,1646,NA,NA,31,17,NA,481,6,727,254,50,3,NA,NA,72,62,182,214,NA,NA,40,10,1012
"296",4,402,40206,"San José de la Montaña",10,4014,2921,2869,7,1091,8,6,468,6,804,276,5,36,7,17,138,49,3,1093,2921,2847,164,885,NA,NA,17,20,NA,371,11,687,198,17,2,NA,NA,43,118,129,185,NA,NA,59,15,1093
"297",4,403,40301,"Santo Domingo",15,7754,5999,5945,9,2600,11,8,670,7,1727,454,14,85,9,26,325,45,9,1755,6003,5931,177,2180,NA,NA,35,21,NA,556,15,1579,398,74,6,NA,NA,112,84,204,490,NA,NA,48,24,1751
"298",4,403,40302,"San Vicente",8,4061,3233,3190,12,1563,3,9,405,1,757,205,9,36,4,22,164,39,4,828,3226,3184,113,1324,NA,NA,13,11,NA,334,11,671,204,36,1,NA,NA,62,50,99,255,NA,NA,30,12,835
"299",4,403,40303,"San Miguel",10,4907,3788,3737,22,1630,3,7,438,5,849,440,16,39,21,84,183,39,12,1119,3783,3736,175,1337,NA,NA,17,23,NA,395,18,692,355,46,3,NA,NA,39,122,258,256,NA,NA,36,11,1124
"300",4,403,40304,"Paracito",4,2102,1586,1534,11,595,4,2,171,2,439,165,7,13,13,39,73,50,2,516,1582,1544,62,445,NA,NA,12,7,NA,155,6,445,122,11,1,NA,NA,18,64,114,82,NA,NA,25,13,520
"301",4,403,40305,"Santo Tomas",7,3671,2798,2757,12,1203,4,3,338,2,689,263,4,33,6,23,177,37,4,873,2800,2756,144,950,NA,NA,14,15,NA,275,5,590,224,41,4,NA,NA,38,60,112,284,NA,NA,36,8,871
"302",4,403,40306,"Santa Rosa",9,4867,3488,3422,23,1396,8,5,472,4,920,334,9,44,11,32,164,62,4,1379,3491,3437,151,1118,NA,NA,21,20,NA,381,9,852,278,29,5,NA,NA,44,101,119,309,NA,NA,41,13,1376
"303",4,403,40307,"Tures",5,2670,1922,1893,14,728,0,2,304,1,518,145,5,32,8,13,123,24,5,748,1922,1887,372,513,NA,NA,10,9,NA,208,5,369,91,8,1,NA,NA,32,54,53,162,NA,NA,30,5,748
"304",4,403,40308,"Pará",5,2527,1832,1808,9,761,6,4,265,3,390,174,9,17,12,54,104,21,3,695,1832,1805,102,577,NA,NA,13,12,NA,228,9,336,146,25,0,NA,NA,29,44,150,134,NA,NA,22,5,695
"305",4,404,40401,"Santa Barbara",12,6491,4753,4671,12,1780,9,10,919,6,1154,439,13,54,11,49,215,75,7,1738,4749,4647,217,1385,NA,NA,27,18,NA,688,9,1047,445,43,12,NA,NA,62,106,269,319,NA,NA,67,35,1742
"306",4,404,40402,"San Pedro",5,2695,1929,1895,6,676,4,2,306,4,543,214,4,22,5,17,92,31,3,766,1929,1905,65,536,NA,NA,6,7,NA,238,5,543,212,10,1,NA,NA,28,30,71,153,NA,NA,15,9,766
"307",4,404,40403,"San Juan",9,4889,3629,3580,12,1501,7,9,552,5,877,335,11,55,7,31,178,44,5,1260,3629,3572,157,1288,NA,NA,21,16,NA,442,12,787,294,27,5,NA,NA,65,71,154,233,NA,NA,35,22,1260
"308",4,404,40404,"Jesús",11,5648,4008,3919,28,1376,10,8,644,3,1078,381,9,69,16,92,205,82,7,1640,4008,3905,256,1092,NA,NA,21,19,NA,484,14,921,305,37,9,NA,NA,74,97,288,288,NA,NA,82,21,1640
"309",4,404,40405,"Santo Domingo",5,2179,1524,1507,9,535,0,3,177,0,467,145,3,14,8,36,110,15,2,655,1524,1493,55,406,NA,NA,8,15,NA,140,4,402,135,8,1,NA,NA,21,33,79,186,NA,NA,27,4,655
"310",4,404,40406,"Purabá",6,2824,2031,1989,3,729,7,1,323,3,561,190,4,19,4,28,117,38,4,793,2031,1987,116,581,NA,NA,15,10,NA,243,10,522,185,6,2,NA,NA,21,51,88,137,NA,NA,31,13,793
"311",4,405,40501,"San Rafael",16,8768,6457,6376,30,2688,14,18,1192,6,1502,469,18,127,13,39,260,74,7,2311,6457,6367,245,2239,NA,NA,110,36,NA,955,19,1357,411,55,9,NA,NA,151,112,220,448,NA,NA,64,26,2311
"312",4,405,40502,"San Josécito",13,7252,4951,4867,32,1876,3,9,950,7,1174,434,13,79,12,75,203,75,9,2301,4951,4850,267,1530,NA,NA,47,31,NA,741,19,1009,310,53,6,NA,NA,145,105,305,282,NA,NA,76,25,2301
"313",4,405,40503,"Santiago",11,5277,3970,3916,17,1623,13,7,809,1,815,334,18,53,11,59,156,49,5,1307,3967,3922,157,1356,NA,NA,56,25,NA,658,9,728,248,36,9,NA,NA,74,107,232,227,NA,NA,37,8,1310
"314",4,405,40504,"Los Ángeles",15,8253,5835,5726,36,2226,12,12,971,6,1334,643,19,74,19,64,310,94,15,2418,5834,5727,280,1826,NA,NA,53,40,NA,743,21,1178,526,59,7,NA,NA,109,121,242,522,NA,NA,83,24,2419
"315",4,405,40505,"Concepción",5,2636,1866,1844,11,714,2,2,340,1,500,151,5,17,2,11,88,21,1,770,1866,1832,70,618,NA,NA,8,13,NA,267,7,445,135,25,3,NA,NA,29,25,48,139,NA,NA,23,11,770
"316",4,406,40601,"San Isidro",14,7466,5627,5562,21,2280,2,16,956,5,1485,391,20,67,17,57,245,56,9,1839,5628,5535,260,1986,NA,NA,12,38,NA,733,11,1306,327,44,6,NA,NA,91,122,226,373,NA,NA,60,33,1838
"317",4,406,40602,"San José",7,3538,2631,2601,10,1105,4,5,319,1,667,278,6,32,13,35,126,26,4,907,2631,2590,103,929,NA,NA,8,14,NA,262,5,577,276,27,1,NA,NA,44,52,110,182,NA,NA,31,10,907
"318",4,406,40603,"Concepción",4,1865,1359,1328,5,433,1,3,161,4,433,149,5,11,3,16,104,24,7,506,1359,1315,63,344,NA,NA,4,12,NA,117,3,390,114,10,2,NA,NA,18,19,38,181,NA,NA,29,15,506
"319",4,406,40604,"San Francisco",3,1634,1205,1180,9,494,1,2,219,1,276,83,9,17,7,11,51,22,3,429,1205,1182,47,446,NA,NA,5,7,NA,170,2,236,80,14,1,NA,NA,20,20,49,85,NA,NA,15,8,429
"320",4,407,40701,"San Antonio",15,7974,6086,6023,13,2209,7,8,976,3,1713,525,16,52,10,20,471,58,5,1888,6085,5987,119,1688,NA,NA,14,25,NA,740,19,1402,393,52,5,NA,NA,59,70,113,1288,NA,NA,72,26,1889
"321",4,407,40702,"La Ribera",11,5886,4471,4411,12,1580,3,8,570,4,1319,488,10,40,8,20,349,49,11,1415,4471,4419,117,1129,NA,NA,12,19,NA,400,13,1037,336,34,6,NA,NA,51,50,102,1113,NA,NA,35,17,1415
"322",4,407,40703,"Asunción",7,3406,2724,2696,8,960,2,7,235,4,797,401,6,18,1,5,252,22,6,682,2724,2691,35,703,NA,NA,6,7,NA,196,1,713,387,36,5,NA,NA,29,26,46,501,NA,NA,21,12,682
"323",4,408,40801,"San Joaquín",15,7862,6102,6047,15,2817,7,9,713,4,1526,538,27,56,14,42,279,49,6,1760,6100,6027,172,2257,NA,NA,19,27,NA,647,7,1322,453,94,5,NA,NA,97,105,201,621,NA,NA,56,17,1762
"324",4,408,40802,"Barrantes",5,2343,1966,1946,7,920,0,0,211,5,539,150,2,16,4,5,87,17,3,377,1966,1938,56,795,NA,NA,8,4,NA,172,9,509,150,19,1,NA,NA,22,24,34,135,NA,NA,12,16,377
"325",4,408,40803,"Llorente",9,4882,3573,3519,17,1349,2,6,425,5,1041,323,14,39,6,44,248,52,2,1309,3573,3515,152,1106,NA,NA,9,23,NA,334,7,901,201,30,1,NA,NA,58,55,218,420,NA,NA,43,15,1309
"326",4,409,40901,"San Pablo",28,15176,11430,11282,39,4775,18,15,1784,9,2632,839,43,132,31,96,869,130,18,3746,11430,11292,258,3439,NA,NA,64,39,NA,1221,21,2039,561,135,16,NA,NA,178,203,490,2628,NA,NA,113,25,3746
"327",4,409,40902,"Rincón de Sabanilla",10,4943,3679,3608,13,1433,5,6,608,3,841,286,15,54,26,40,278,60,11,1264,3682,3620,95,1043,NA,NA,17,15,NA,463,9,684,211,38,3,NA,NA,69,93,123,757,NA,NA,47,15,1261
"328",4,410,41001,"Puerto Viejo",23,9100,5248,5098,26,736,5,15,1083,3,1531,1231,9,35,64,102,258,118,32,3852,5249,5101,178,584,NA,NA,14,43,NA,561,12,2353,606,10,11,NA,NA,41,159,194,335,NA,NA,99,49,3851
"329",4,410,41002,"La Virgen",15,5446,3443,3359,21,635,5,5,657,5,962,572,4,28,58,191,216,72,12,2003,3444,3371,103,403,NA,NA,12,23,NA,364,10,1426,260,8,3,NA,NA,31,187,234,307,NA,NA,52,21,2002
"330",4,410,41003,"Horquetas",33,14586,9512,9214,95,1389,18,38,2796,11,2579,1238,35,75,154,347,439,263,35,5074,9511,9218,405,1326,NA,NA,43,101,NA,1505,37,3638,567,47,11,NA,NA,83,407,667,381,NA,NA,202,91,5075
"331",4,410,41004,"Llanuras del Gaspar",1,357,219,217,1,12,0,0,62,0,73,49,0,0,17,0,3,2,0,138,219,214,1,19,NA,NA,0,0,NA,38,1,108,19,0,0,NA,NA,1,21,1,5,NA,NA,3,2,138
"332",4,410,41005,"Cureña",2,278,155,152,0,27,0,0,19,0,56,32,0,2,0,0,16,3,0,123,155,153,1,19,NA,NA,1,6,NA,4,0,84,19,0,0,NA,NA,1,2,1,15,NA,NA,1,1,123
"333",5,501,50101,"Liberia",67,35159,20966,20575,90,4133,32,47,3820,19,7345,2485,46,184,276,281,1817,315,76,14193,20961,20561,417,2700,NA,NA,50,87,NA,3462,32,6067,1691,66,NA,NA,NA,227,1059,598,4105,NA,NA,299,101,14198
"334",5,501,50102,"Cañas Dulces",5,2014,1262,1225,3,161,0,4,165,1,451,137,2,4,153,13,131,32,5,752,1262,1234,22,79,NA,NA,2,5,NA,130,4,322,47,0,NA,NA,NA,12,209,15,387,NA,NA,19,9,752
"335",5,501,50103,"Mayorga",2,969,505,489,2,44,4,1,68,0,241,56,0,2,16,6,49,12,4,464,505,491,4,47,NA,NA,3,6,NA,75,1,188,25,1,NA,NA,NA,1,21,14,105,NA,NA,7,7,464
"336",5,501,50104,"Nacascolo",3,1523,823,786,3,100,1,1,144,0,307,130,4,8,6,5,77,30,7,700,823,791,13,77,NA,NA,2,0,NA,129,3,253,89,2,NA,NA,NA,7,14,6,196,NA,NA,22,10,700
"337",5,501,50105,"Curubandé",4,1580,968,948,3,116,1,4,159,0,390,152,3,5,36,6,73,17,3,612,968,945,23,63,NA,NA,0,10,NA,135,0,308,114,1,NA,NA,NA,6,66,13,206,NA,NA,16,7,612
"338",5,502,50201,"Nicoya",45,19717,13522,13178,26,1924,12,22,2597,13,5422,1727,21,128,101,125,1060,297,47,6195,13522,13093,170,1331,NA,NA,53,64,NA,2053,54,5459,1625,53,NA,NA,NA,339,302,296,1294,NA,NA,284,145,6195
"339",5,502,50202,"Mansión",12,3946,2602,2539,11,252,4,7,501,5,1136,309,2,18,38,27,229,58,5,1344,2602,2526,81,176,NA,NA,7,14,NA,374,36,1077,272,5,NA,NA,NA,24,113,51,296,NA,NA,52,24,1344
"340",5,502,50203,"San Antonio",17,5321,3687,3556,16,185,6,9,690,7,1817,455,25,21,24,24,277,113,18,1634,3685,3529,35,129,NA,NA,14,20,NA,566,14,1675,425,113,NA,NA,NA,86,78,72,302,NA,NA,92,64,1636
"341",5,502,50204,"Quebrada Honda",7,2121,1517,1476,2,127,1,3,441,2,559,159,2,1,11,10,158,34,7,604,1517,1478,27,104,NA,NA,8,10,NA,344,3,539,142,11,NA,NA,NA,23,18,36,213,NA,NA,28,11,604
"342",5,502,50205,"Sámara",7,2362,1417,1353,6,104,9,3,422,2,489,168,2,4,7,17,120,49,15,945,1412,1345,17,78,NA,NA,121,9,NA,333,0,467,102,5,NA,NA,NA,30,17,25,141,NA,NA,37,30,950
"343",5,502,50206,"Nosara",8,2915,1873,1814,7,113,0,5,273,4,963,310,7,12,20,18,82,45,14,1042,1873,1800,29,132,NA,NA,3,16,NA,228,6,930,225,10,NA,NA,NA,16,80,29,96,NA,NA,48,25,1042
"344",5,502,50207,"Belén De Nosarita",9,1918,1390,1352,5,95,1,3,262,3,683,193,2,8,4,6,87,29,9,528,1390,1328,18,70,NA,NA,44,7,NA,183,4,679,112,4,NA,NA,NA,15,9,20,163,NA,NA,37,25,528
"345",5,503,50301,"Santa Cruz",33,16411,10371,10097,44,1474,32,20,2279,10,4098,1006,17,80,67,104,866,233,41,6040,10371,10064,145,972,NA,NA,239,74,NA,2215,22,2954,668,106,NA,NA,NA,703,249,246,1471,NA,NA,226,81,6040
"346",5,503,50302,"Bolsón",3,1300,840,811,6,35,1,1,131,2,460,78,1,4,8,6,78,24,5,460,840,803,14,26,NA,NA,12,1,NA,71,3,391,38,0,NA,NA,NA,37,103,13,94,NA,NA,29,8,460
"347",5,503,50303,"Veintisiete de Abril",13,4886,2886,2771,13,251,14,5,428,4,1300,404,2,11,27,52,260,95,20,2000,2888,2742,50,229,NA,NA,171,20,NA,284,7,1089,219,11,NA,NA,NA,49,203,32,378,NA,NA,110,36,1998
"348",5,503,50304,"Tempate",8,2986,1724,1659,10,150,12,4,232,3,710,264,6,12,32,10,214,47,18,1262,1728,1665,38,128,NA,NA,216,14,NA,139,0,518,144,7,NA,NA,NA,19,136,26,280,NA,NA,46,17,1258
"349",5,503,50305,"Cartagena",6,2750,1764,1716,2,242,16,5,436,2,635,198,2,10,59,9,100,43,5,986,1763,1704,29,214,NA,NA,109,8,NA,347,0,525,127,5,NA,NA,NA,20,98,35,187,NA,NA,49,10,987
"350",5,503,50306,"Cuajiniquil",6,1244,778,745,3,27,3,4,258,0,255,130,1,9,2,4,49,22,11,466,778,746,6,37,NA,NA,2,8,NA,224,4,221,77,0,NA,NA,NA,8,19,8,132,NA,NA,23,9,466
"351",5,503,50307,"Diriá",7,2968,1924,1853,6,194,5,8,415,2,750,156,5,54,30,11,217,54,17,1044,1918,1856,20,122,NA,NA,51,4,NA,224,6,491,103,13,NA,NA,NA,462,98,18,244,NA,NA,43,19,1050
"352",5,503,50308,"Cabo Velas",4,1859,1057,1027,4,119,4,0,180,1,439,174,1,6,18,2,79,24,6,802,1057,1020,17,110,NA,NA,105,4,NA,114,4,363,100,3,NA,NA,NA,25,43,17,115,NA,NA,24,13,802
"353",5,503,50309,"Tamarindo",8,3428,1993,1922,5,299,4,7,270,5,698,342,4,20,17,15,236,57,14,1435,1994,1915,32,218,NA,NA,139,16,NA,172,6,571,167,8,NA,NA,NA,41,71,29,445,NA,NA,58,21,1434
"354",5,504,50401,"Bagaces",18,7363,4210,4069,18,674,9,15,667,6,1488,697,7,36,54,72,326,119,22,3153,4210,4073,56,1020,NA,NA,11,23,NA,460,5,1156,553,14,NA,NA,NA,36,218,87,434,NA,NA,100,37,3153
"355",5,504,50402,"Fortuna",5,1996,1331,1296,6,385,1,5,266,5,438,89,1,4,7,20,69,32,3,665,1331,1290,21,352,NA,NA,5,8,NA,298,1,356,75,3,NA,NA,NA,12,28,56,75,NA,NA,29,12,665
"356",5,504,50403,"Mogote",6,2369,1545,1486,8,491,3,2,365,3,351,101,3,11,65,10,73,52,7,824,1545,1494,19,357,NA,NA,0,7,NA,297,1,270,209,6,NA,NA,NA,3,97,24,204,NA,NA,44,7,824
"357",5,504,50404,"Río Naranjo",2,718,496,481,1,68,0,0,79,1,215,50,1,4,1,8,53,13,2,222,495,476,6,63,NA,NA,0,2,NA,84,5,185,42,1,NA,NA,NA,3,11,15,59,NA,NA,12,7,223
"358",5,505,50501,"Filadelfia",11,5491,3367,3276,4,410,12,6,391,2,1503,362,3,30,58,27,468,71,20,2124,3367,3293,34,174,NA,NA,70,12,NA,176,4,956,166,6,NA,NA,NA,30,267,23,1375,NA,NA,53,21,2124
"359",5,505,50502,"Palmira",6,3015,1806,1765,8,221,6,2,202,1,895,214,2,29,18,11,156,30,11,1209,1806,1763,24,118,NA,NA,4,10,NA,80,8,656,112,2,NA,NA,NA,26,98,17,608,NA,NA,34,9,1209
"360",5,505,50503,"Sardinal",18,8246,4712,4620,17,502,8,3,663,2,1861,1065,3,24,101,33,338,68,24,3534,4710,4616,62,383,NA,NA,85,22,NA,444,5,1417,787,8,NA,NA,NA,49,426,60,868,NA,NA,60,34,3536
"361",5,505,50504,"Belén",12,5428,3212,3080,15,203,14,4,286,2,1568,575,4,12,64,47,286,110,22,2216,3211,3092,40,151,NA,NA,113,19,NA,159,6,1160,337,8,NA,NA,NA,51,314,90,644,NA,NA,87,32,2217
"362",5,506,50601,"Cañas",28,14913,9192,8917,24,1788,8,20,1669,10,3513,884,12,57,44,359,529,240,35,5721,9190,8921,72,1932,NA,NA,28,35,NA,1699,7,2287,359,18,NA,NA,NA,81,191,1692,520,NA,NA,201,68,5723
"363",5,506,50602,"Palmira",2,678,474,458,2,42,4,3,120,2,188,62,2,1,3,5,24,16,0,204,474,454,5,76,NA,NA,21,2,NA,122,1,136,42,4,NA,NA,NA,2,9,11,23,NA,NA,15,5,204
"364",5,506,50603,"San Miguel",5,1175,760,726,1,94,1,1,130,1,368,76,0,2,5,10,37,32,2,415,759,721,10,143,NA,NA,1,4,NA,94,1,320,52,1,NA,NA,NA,4,12,35,44,NA,NA,25,13,416
"365",5,506,50604,"Bebedero",2,1204,647,626,5,82,3,1,100,0,275,87,1,5,1,34,32,18,3,557,647,628,14,112,NA,NA,3,1,NA,71,0,236,57,1,NA,NA,NA,12,9,79,33,NA,NA,9,10,557
"366",5,506,50605,"Porozal",2,470,336,325,1,19,0,0,65,0,172,39,0,3,5,2,19,11,0,134,336,324,2,30,NA,NA,0,0,NA,42,0,165,19,1,NA,NA,NA,3,10,5,47,NA,NA,11,1,134
"367",5,507,50701,"Las Juntas",16,6813,4441,4327,16,790,2,7,820,5,1813,482,7,23,29,67,266,102,12,2372,4441,4308,85,647,NA,NA,5,16,NA,760,15,1623,396,9,NA,NA,NA,34,113,185,420,NA,NA,91,42,2372
"368",5,507,50702,"Sierra",7,1560,1052,1025,5,140,0,2,286,1,405,107,1,13,16,5,44,25,2,508,1052,1010,30,122,NA,NA,1,5,NA,212,3,410,72,4,NA,NA,NA,20,41,16,74,NA,NA,23,19,508
"369",5,507,50703,"San Juan",4,1327,840,811,3,161,2,0,136,1,346,96,0,6,9,4,47,24,5,487,838,800,23,120,NA,NA,0,6,NA,108,4,323,89,2,NA,NA,NA,9,21,20,75,NA,NA,27,11,489
"370",5,507,50704,"Colorado",10,3101,2109,2040,13,137,3,1,654,3,801,296,3,4,13,26,86,58,11,992,2110,2043,37,155,NA,NA,3,9,NA,773,3,683,164,1,NA,NA,NA,19,31,67,98,NA,NA,44,23,991
"371",5,508,50801,"Tilarán",15,6725,4803,4737,12,1403,2,9,944,0,1464,393,5,92,47,40,326,50,16,1922,4805,4737,68,881,NA,NA,104,11,NA,793,13,1299,341,14,NA,NA,NA,419,171,120,503,NA,NA,48,20,1920
"372",5,508,50802,"Quebrada Grande",6,1862,1331,1305,5,286,2,2,247,2,469,141,1,11,36,17,86,21,5,531,1331,1299,33,223,NA,NA,5,5,NA,158,2,464,102,5,NA,NA,NA,21,97,34,150,NA,NA,16,16,531
"373",5,508,50803,"Tronadora",4,1217,893,876,2,210,1,3,181,0,265,61,1,9,5,1,137,15,2,324,893,867,8,96,NA,NA,1,1,NA,96,2,355,39,2,NA,NA,NA,12,17,9,229,NA,NA,20,6,324
"374",5,508,50804,"Santarosa",3,1177,787,763,3,156,0,2,148,0,309,76,0,10,4,19,36,23,1,390,787,768,12,130,NA,NA,1,5,NA,125,1,282,56,1,NA,NA,NA,31,38,36,50,NA,NA,14,5,390
"375",5,508,50805,"Líbano",3,610,429,418,1,56,0,0,93,1,173,37,1,2,3,1,50,11,0,181,429,420,5,43,NA,NA,0,1,NA,56,0,152,29,0,NA,NA,NA,4,6,4,120,NA,NA,8,1,181
"376",5,508,50806,"Tierras Morenas",4,982,681,665,2,96,0,1,108,2,303,101,0,4,2,3,43,11,5,301,681,664,12,79,NA,NA,2,3,NA,88,0,297,62,1,NA,NA,NA,11,42,7,60,NA,NA,10,7,301
"377",5,508,50807,"Arenal",4,1559,1017,999,7,175,0,0,187,2,304,191,4,15,13,3,98,17,1,542,1017,999,21,136,NA,NA,2,7,NA,135,5,277,133,7,NA,NA,NA,17,54,7,198,NA,NA,14,4,542
"378",5,509,50901,"Carmona",4,1771,1372,1337,2,206,1,2,420,2,561,36,7,21,5,34,40,28,7,399,1370,1342,16,119,NA,NA,0,5,NA,377,1,574,34,19,NA,NA,NA,29,18,96,54,NA,NA,24,4,401
"379",5,509,50902,"Santa Rita",4,1243,876,847,1,82,0,0,236,1,388,80,0,13,13,9,24,24,5,367,876,848,21,63,NA,NA,0,4,NA,177,2,366,62,4,NA,NA,NA,18,50,28,53,NA,NA,17,11,367
"380",5,509,50903,"Zapotal",5,867,633,614,2,47,3,2,165,1,302,58,1,9,3,2,19,15,4,234,633,614,6,28,NA,NA,0,4,NA,143,1,323,37,16,NA,NA,NA,16,6,7,27,NA,NA,11,8,234
"381",5,509,50904,"San Pablo",3,1328,899,866,7,30,0,1,261,0,343,108,2,2,34,20,58,24,9,429,899,862,15,26,NA,NA,1,5,NA,204,4,284,64,1,NA,NA,NA,7,119,50,82,NA,NA,31,6,429
"382",5,509,50905,"Porvenir",4,729,527,518,2,39,0,0,66,0,335,44,0,15,2,8,7,6,3,202,527,509,7,22,NA,NA,1,0,NA,56,1,341,37,0,NA,NA,NA,13,1,13,17,NA,NA,11,7,202
"383",5,509,50906,"Bejuco",9,2041,1340,1288,4,78,4,4,228,4,621,160,0,104,20,17,44,44,8,701,1340,1284,18,72,NA,NA,3,9,NA,146,3,649,104,0,NA,NA,NA,114,46,31,89,NA,NA,31,25,701
"384",5,510,51001,"La Cruz",14,5934,3595,3504,5,285,4,4,799,3,1584,551,3,13,46,26,181,80,11,2339,3595,3489,32,212,NA,NA,32,6,NA,821,7,1261,389,5,NA,NA,NA,16,263,77,368,NA,NA,82,24,2339
"385",5,510,51002,"Santa Cecilia",9,3058,1533,1472,4,84,2,4,188,2,543,455,2,1,52,12,123,49,12,1525,1533,1477,27,97,NA,NA,52,22,NA,189,3,439,282,4,NA,NA,NA,12,143,21,186,NA,NA,36,20,1525
"386",5,510,51003,"Lagarita",3,679,406,386,0,17,2,0,30,0,172,113,0,2,4,1,45,12,8,273,405,393,1,29,NA,NA,1,1,NA,42,0,142,75,0,NA,NA,NA,2,21,7,72,NA,NA,10,2,274
"387",5,510,51004,"Santa Elena",2,1175,631,604,1,25,8,2,83,0,248,136,0,0,28,2,71,25,2,544,631,597,6,13,NA,NA,72,1,NA,72,0,182,67,0,NA,NA,NA,0,69,6,109,NA,NA,21,13,544
"388",5,511,51101,"Hojancha",8,3381,2442,2401,9,496,2,2,428,3,1085,168,4,18,63,22,101,36,5,939,2442,2384,95,298,NA,NA,0,9,NA,291,2,1149,174,24,NA,NA,NA,21,133,51,137,NA,NA,28,30,939
"389",5,511,51102,"Monteromo",3,524,385,376,0,63,0,0,79,0,172,24,11,1,13,1,12,8,1,139,385,376,1,24,NA,NA,0,2,NA,41,2,174,26,55,NA,NA,NA,2,12,3,34,NA,NA,6,3,139
"390",5,511,51103,"Puerto Carrillo",5,1079,775,748,11,63,2,8,115,0,348,125,0,4,15,2,55,22,5,304,775,739,44,53,NA,NA,3,10,NA,63,2,309,88,13,NA,NA,NA,14,56,8,76,NA,NA,22,14,304
"391",5,511,51104,"Huacas",2,503,384,381,1,28,0,3,23,0,261,40,0,1,1,1,22,2,1,119,384,380,4,19,NA,NA,0,1,NA,15,1,279,34,4,NA,NA,NA,2,1,0,20,NA,NA,3,1,119
"392",6,601,60101,"Puntarenas",16,7878,5344,5281,16,994,17,8,1243,3,1937,464,12,51,32,25,479,53,10,2534,5341,5251,66,1078,NA,NA,25,26,NA,896,53,1514,407,21,NA,NA,5,79,76,78,838,NA,89,62,28,2537
"393",6,601,60102,"Pitahaya",4,1284,809,783,2,39,1,4,92,2,359,145,0,3,3,7,126,24,2,475,809,791,8,39,NA,NA,3,5,NA,25,7,313,108,0,NA,NA,1,6,9,10,249,NA,8,17,1,475
"394",6,601,60103,"Chomes",10,3481,1914,1855,13,180,7,4,244,4,641,402,1,10,24,12,313,53,6,1567,1914,1864,50,163,NA,NA,8,17,NA,134,49,575,261,3,NA,NA,7,21,49,23,480,NA,24,41,9,1567
"395",6,601,60104,"Lepanto",25,7655,4888,4738,17,553,3,7,1016,4,2260,354,7,34,74,33,376,123,27,2767,4887,4714,95,549,NA,NA,17,29,NA,691,137,2041,237,14,NA,NA,10,49,163,89,551,NA,42,117,56,2768
"396",6,601,60105,"Paquera",16,4438,2573,2491,17,312,6,6,444,5,970,370,5,32,24,59,241,73,9,1865,2573,2484,103,257,NA,NA,13,14,NA,275,45,885,215,8,NA,NA,3,21,62,121,436,NA,26,56,33,1865
"397",6,601,60106,"Manzanillo",6,2252,1317,1255,9,101,2,16,143,3,467,286,0,17,20,30,161,50,12,935,1317,1255,20,50,NA,NA,5,103,NA,54,18,412,115,2,NA,NA,2,8,41,40,376,NA,9,46,16,935
"398",6,601,60107,"Guacimal",2,692,471,467,3,94,0,1,66,1,196,55,2,1,1,4,43,3,1,221,471,465,5,71,NA,NA,0,1,NA,33,1,189,32,2,NA,NA,1,5,5,13,102,NA,5,2,4,221
"399",6,601,60108,"Barranca",38,20876,12161,11869,61,1328,37,21,2822,19,3703,2176,32,92,78,207,1293,252,40,8715,12155,11851,325,1193,NA,NA,84,67,NA,2070,390,3194,1604,40,NA,NA,17,108,304,449,1688,NA,318,232,72,8721
"400",6,601,60109,"Monteverde",6,2944,1894,1848,9,562,0,7,368,2,553,198,1,11,25,14,98,42,4,1050,1894,1849,63,491,NA,NA,3,15,NA,283,3,518,155,10,NA,NA,1,25,58,34,174,NA,16,32,13,1050
"401",6,601,60110,"Isla Del Coco",1,28,5,5,1,1,0,0,2,0,1,0,0,0,0,0,0,0,0,23,5,5,0,0,NA,NA,0,1,NA,2,0,1,0,0,NA,NA,0,0,1,0,0,NA,0,0,0,23
"402",6,601,60111,"Cobano",14,4575,2443,2379,15,368,4,6,529,6,760,365,4,25,18,21,258,54,10,2132,2449,2368,56,335,NA,NA,4,18,NA,368,76,728,199,2,NA,NA,5,26,37,83,411,NA,20,57,24,2126
"403",6,601,60112,"Chacarita",22,12622,7224,6997,43,598,13,14,1688,11,2249,1252,20,31,77,97,904,193,34,5398,7222,6996,142,474,NA,NA,71,39,NA,1492,154,1806,931,15,NA,NA,3,27,225,229,1248,NA,140,184,42,5400
"404",6,601,60113,"Chira",3,1160,705,687,3,32,2,0,68,2,329,111,0,4,4,5,127,11,7,455,706,694,12,38,NA,NA,3,0,NA,30,16,276,51,3,NA,NA,0,6,12,10,228,NA,9,9,3,454
"405",6,601,60114,"Acapulco",3,959,613,604,5,63,2,1,105,0,239,71,0,4,5,12,97,8,1,346,613,598,16,46,NA,NA,0,2,NA,68,3,172,47,1,NA,NA,0,6,14,7,211,NA,5,11,4,346
"406",6,601,60115,"Elroble",22,10830,6841,6722,29,1065,28,12,1628,9,2306,761,17,67,59,71,670,102,17,3989,6841,6685,244,878,NA,NA,52,26,NA,1340,103,1840,615,33,NA,NA,7,62,186,203,896,NA,200,113,43,3989
"407",6,601,60116,"Arancibia",3,566,416,406,2,51,0,2,77,0,176,47,1,1,0,3,46,8,2,150,416,401,4,31,NA,NA,0,1,NA,39,0,145,25,0,NA,NA,1,7,1,4,142,NA,1,7,8,150
"408",6,602,60201,"Espíritu Santo",26,13550,9373,9264,31,1700,21,12,2018,6,3274,1249,12,101,64,68,708,103,6,4177,9375,9215,226,1378,NA,NA,57,37,NA,1588,69,2848,924,37,NA,NA,78,109,241,207,1304,NA,112,122,38,4175
"409",6,602,60202,"San Juan Grande",8,3275,2029,1973,6,230,6,3,346,4,670,516,6,7,8,18,153,43,13,1246,2029,1957,47,188,NA,NA,25,8,NA,242,4,606,392,4,NA,NA,0,13,46,44,301,NA,37,57,15,1246
"410",6,602,60203,"Macacona",5,2164,1552,1526,13,287,7,2,308,2,573,216,2,15,6,7,88,25,1,612,1552,1523,64,224,NA,NA,19,6,NA,249,5,483,165,4,NA,NA,3,19,46,63,147,NA,26,23,6,612
"411",6,602,60204,"San Rafael",3,976,731,713,1,124,1,1,119,0,292,130,1,5,0,5,34,15,3,245,731,717,7,98,NA,NA,0,6,NA,63,3,252,183,4,NA,NA,1,6,5,20,61,NA,8,11,3,245
"412",6,602,60205,"San Jerónimo",4,634,456,452,0,52,1,0,99,0,207,54,1,6,2,0,30,4,0,178,456,446,7,57,NA,NA,1,1,NA,61,0,204,35,3,NA,NA,0,4,2,6,57,NA,8,5,5,178
"413",6,603,60301,"Buenos Aires",33,14761,8414,8161,40,1309,17,15,2129,4,2635,1175,62,46,75,180,474,208,45,6347,8415,8121,239,875,NA,NA,28,41,NA,1232,42,1917,622,1290,NA,NA,18,53,313,321,725,NA,405,193,101,6346
"414",6,603,60302,"Volcán",5,2447,1422,1385,10,149,1,4,239,5,522,312,5,9,10,32,87,30,7,1025,1422,1381,55,145,NA,NA,4,14,NA,116,4,418,166,91,NA,NA,2,13,60,63,216,NA,14,27,14,1025
"415",6,603,60303,"Potrero Grande",11,3770,2069,2005,19,171,3,3,439,1,670,376,7,12,32,61,211,53,11,1701,2069,1989,37,174,NA,NA,5,16,NA,269,1,670,184,26,NA,NA,1,17,55,88,416,NA,30,56,24,1701
"416",6,603,60304,"Boruca",5,1912,1120,1089,11,64,3,1,411,3,314,231,2,1,2,8,38,30,1,792,1118,1085,53,67,NA,NA,2,5,NA,185,22,159,144,57,NA,NA,230,7,17,47,71,NA,19,23,10,794
"417",6,603,60305,"Pilas",4,1118,654,631,3,114,0,3,106,1,203,108,1,4,3,17,68,18,5,464,654,633,8,97,NA,NA,1,5,NA,36,1,211,28,6,NA,NA,0,3,5,20,201,NA,11,15,6,464
"418",6,603,60306,"Colinas",3,936,486,473,1,84,1,1,125,2,117,73,2,6,2,4,55,11,2,450,486,473,9,49,NA,NA,0,6,NA,28,1,88,29,0,NA,NA,2,0,3,7,242,NA,9,9,4,450
"419",6,603,60307,"Chánguena",8,1450,790,761,1,77,1,2,82,2,369,165,1,2,7,5,47,24,5,660,790,753,18,70,NA,NA,2,3,NA,33,6,350,67,0,NA,NA,0,6,12,17,146,NA,23,25,12,660
"420",6,603,60308,"Biolley",5,1618,859,830,3,107,1,3,197,3,352,90,0,6,10,21,37,28,1,759,859,825,16,102,NA,NA,2,4,NA,113,2,324,45,3,NA,NA,1,8,13,37,122,NA,33,26,8,759
"421",6,603,60309,"Brunka",5,1973,1180,1156,12,81,1,3,149,2,560,205,10,16,12,29,76,17,7,793,1180,1143,179,59,NA,NA,5,3,NA,67,10,435,82,97,NA,NA,2,14,33,55,81,NA,21,27,10,793
"422",6,604,60401,"Miramar",15,6363,4377,4294,10,875,3,6,1114,7,1383,320,8,45,32,121,370,74,9,1986,4377,4266,82,728,NA,NA,15,9,NA,890,133,1177,198,13,NA,NA,11,44,104,344,436,NA,82,78,33,1986
"423",6,604,60402,"Unión",4,939,720,696,0,112,1,1,123,1,355,25,1,4,9,41,23,17,7,219,720,694,11,85,NA,NA,4,1,NA,84,0,373,14,1,NA,NA,2,6,15,65,30,NA,3,13,13,219
"424",6,604,60403,"San Isidro",5,2314,1567,1540,13,238,1,4,255,2,509,317,3,8,24,20,146,24,3,747,1567,1527,97,215,NA,NA,5,10,NA,180,19,442,235,3,NA,NA,2,9,45,52,194,NA,19,23,17,747
"425",6,605,60501,"Puerto Cortés",13,5623,3208,3088,24,396,2,2,804,5,1206,390,3,32,20,33,171,105,15,2415,3208,3083,63,346,NA,NA,8,9,NA,539,17,1054,254,9,NA,NA,119,155,79,123,255,NA,53,90,35,2415
"426",6,605,60502,"Palmar",17,6838,3909,3795,32,407,9,11,1078,7,1071,801,15,26,57,68,213,97,17,2929,3910,3760,389,327,NA,NA,26,29,NA,611,18,817,563,21,NA,NA,19,43,178,174,273,NA,272,116,34,2928
"427",6,605,60503,"Sierpe",9,1783,974,927,15,140,4,3,183,1,256,201,2,5,16,12,89,35,12,809,974,923,69,144,NA,NA,6,14,NA,109,12,213,113,6,NA,NA,8,10,33,42,129,NA,15,31,20,809
"428",6,605,60504,"Bahía Ballena",4,2023,1144,1112,7,270,3,5,225,6,264,183,5,8,20,75,41,26,6,879,1144,1117,33,238,NA,NA,10,4,NA,147,8,224,99,11,NA,NA,89,12,43,120,69,NA,10,19,8,879
"429",6,605,60505,"Piedras Blancas",7,2856,1468,1383,17,172,5,4,296,2,417,330,1,7,14,37,81,76,9,1388,1468,1385,138,201,NA,NA,5,16,NA,185,15,313,159,5,NA,NA,50,17,53,51,147,NA,30,57,26,1388
"430",6,605,60506,"Bahía Drake",4,967,510,480,3,50,0,5,104,1,94,133,1,13,8,13,55,21,9,457,510,477,11,85,NA,NA,2,8,NA,64,1,92,65,0,NA,NA,0,5,15,26,91,NA,12,21,12,457
"431",6,606,60601,"Quepos",26,13490,7266,7061,103,1123,11,23,1251,8,2151,1342,37,38,104,316,554,177,28,6224,7267,7051,1617,556,NA,NA,44,35,NA,560,56,1257,647,24,NA,NA,31,33,273,486,1316,NA,116,167,49,6223
"432",6,606,60602,"Savegre",10,2138,1328,1281,15,137,2,8,181,1,481,304,7,8,15,29,93,38,9,810,1328,1291,104,105,NA,NA,8,13,NA,71,11,367,199,5,NA,NA,1,10,53,41,293,NA,10,19,18,810
"433",6,606,60603,"Naranjito",6,2397,1416,1384,22,197,7,4,208,3,529,198,1,9,26,43,137,22,10,981,1416,1387,234,98,NA,NA,9,6,NA,81,9,430,103,5,NA,NA,3,8,49,71,261,NA,20,14,15,981
"434",6,607,60701,"Golfito",19,8445,4100,3961,17,400,4,4,1312,3,1305,320,23,56,23,165,329,121,18,4345,4102,3949,65,304,NA,NA,107,25,NA,652,13,882,121,34,NA,NA,53,48,56,325,403,NA,861,123,30,4343
"435",6,607,60702,"Puerto Jiménez",11,5432,2956,2841,24,192,8,9,1139,9,622,332,7,20,19,155,305,103,12,2476,2956,2814,119,222,NA,NA,19,22,NA,809,16,494,164,4,NA,NA,75,23,56,277,449,NA,65,102,40,2476
"436",6,607,60703,"Guaycará",22,9262,5256,5078,26,610,11,12,1339,18,1825,635,15,41,35,117,394,160,18,4006,5255,5038,94,631,NA,NA,52,26,NA,692,31,1442,278,19,NA,NA,384,34,112,283,771,NA,189,151,66,4007
"437",6,607,60704,"Pavón",14,4071,2280,2178,15,151,6,6,778,3,657,298,7,10,34,53,160,81,21,1791,2280,2148,29,235,NA,NA,15,21,NA,453,7,527,117,8,NA,NA,9,18,104,93,362,NA,150,91,41,1791
"438",6,608,60801,"Sanvito",26,11190,6685,6478,39,1264,9,11,1428,7,2437,534,20,28,109,145,447,168,39,4505,6684,6458,146,967,NA,NA,27,32,NA,762,22,1975,199,39,NA,NA,14,40,349,362,1276,NA,248,155,71,4506
"439",6,608,60802,"Sabalito",17,7464,3756,3650,7,573,6,6,1134,11,1235,324,16,33,19,45,241,83,23,3708,3754,3613,50,525,NA,NA,9,20,NA,729,10,1135,165,57,NA,NA,3,28,69,111,647,NA,55,84,57,3710
"440",6,608,60803,"Agua Buena",12,4613,2771,2650,6,588,5,9,850,2,784,156,4,23,17,60,146,107,14,1842,2771,2628,37,602,NA,NA,5,9,NA,518,4,696,74,18,NA,NA,4,20,41,120,451,NA,29,101,42,1842
"441",6,608,60804,"Limoncito",9,2680,1564,1518,10,293,2,3,378,4,561,88,4,4,30,21,120,36,10,1116,1564,1508,19,262,NA,NA,5,9,NA,265,5,528,44,3,NA,NA,3,5,45,57,208,NA,50,31,25,1116
"442",6,608,60805,"Pittier",6,1720,967,939,5,120,3,1,228,1,368,118,0,8,16,33,38,27,1,753,967,933,14,48,NA,NA,4,2,NA,101,1,426,23,3,NA,NA,0,7,69,36,158,NA,41,28,6,753
"443",6,609,60901,"Parrita",33,10844,6448,6261,55,668,6,7,647,9,2292,1649,10,25,128,135,630,155,32,4396,6447,6235,368,359,NA,NA,21,36,NA,242,29,1704,1133,15,NA,NA,21,36,201,201,1726,NA,143,153,59,4397
"444",6,610,61001,"Corredor",31,13753,7908,7664,39,1255,19,19,2258,9,2355,876,15,35,86,152,546,196,48,5845,7907,7640,106,2381,NA,NA,53,55,NA,1075,28,1790,433,18,NA,NA,45,39,317,288,868,NA,144,186,81,5846
"445",6,610,61002,"La Cuesta",5,2996,1539,1494,14,153,2,3,452,1,580,98,2,6,19,15,149,37,8,1457,1539,1480,65,158,NA,NA,1,10,NA,354,2,495,45,0,NA,NA,3,10,83,35,209,NA,10,44,15,1457
"446",6,610,61003,"Canoas",17,7894,3630,3528,15,432,7,12,1028,4,1176,350,11,20,149,63,261,89,13,4264,3630,3506,59,575,NA,NA,13,18,NA,663,13,944,165,11,NA,NA,10,20,456,104,414,NA,41,85,39,4264
"447",6,610,61004,"Laurel",14,6479,3684,3508,19,364,12,7,941,9,1192,477,12,14,74,182,205,138,38,2795,3686,3488,62,474,NA,NA,13,30,NA,576,14,972,235,10,NA,NA,11,24,312,362,363,NA,30,136,62,2793
"448",6,611,61101,"Jacó",13,6393,3293,3206,8,575,2,4,404,3,1210,603,3,16,10,44,324,76,11,3100,3293,3191,51,434,NA,NA,106,20,NA,275,4,1067,423,13,NA,NA,4,19,35,130,572,NA,38,72,30,3100
"449",6,611,61102,"Tárcoles",7,3463,2038,1970,7,311,9,6,322,3,744,376,2,8,7,12,163,61,7,1425,2038,1964,20,197,NA,NA,143,9,NA,206,3,758,220,9,NA,NA,1,11,21,33,320,NA,13,59,15,1425
"450",7,701,70101,"Limón",83,45426,25712,24875,246,3678,103,98,6074,42,8204,3081,92,331,530,585,1811,674,163,19714,25705,24842,702,2306,NA,NA,245,154,NA,4263,162,7491,2614,135,NA,NA,NA,235,1715,1100,3720,NA,NA,622,241,19721
"451",7,701,70102,"Valle La Estrella",24,9742,5250,4906,42,230,15,35,641,8,1628,1282,19,41,248,44,673,264,80,4492,5255,4910,120,260,NA,NA,24,77,NA,371,13,1211,663,14,NA,NA,NA,41,668,64,1384,NA,NA,236,109,4487
"452",7,701,70103,"Río Blanco",13,5097,2686,2567,25,265,5,10,502,3,815,453,4,24,117,34,310,103,16,2411,2686,2569,84,191,NA,NA,10,23,NA,335,10,592,263,11,NA,NA,NA,38,521,47,444,NA,NA,95,22,2411
"453",7,701,70104,"Matama",11,4696,2615,2496,20,194,5,5,496,5,761,581,4,17,91,43,274,96,23,2081,2613,2489,54,163,NA,NA,9,12,NA,336,9,662,388,8,NA,NA,NA,19,298,46,485,NA,NA,96,28,2083
"454",7,702,70201,"Guápiles",38,21562,14450,14180,74,4198,60,41,2728,15,3730,2007,53,138,231,240,665,242,28,7112,14447,14136,766,2701,NA,NA,888,122,NA,2033,35,3460,1382,90,NA,NA,NA,164,1459,403,633,NA,NA,238,73,7115
"455",7,702,70202,"Jiménez",14,6802,4595,4463,29,933,9,10,935,7,1234,782,15,48,147,67,247,118,14,2207,4592,4459,160,592,NA,NA,130,27,NA,722,15,1266,512,26,NA,NA,NA,91,510,127,281,NA,NA,93,40,2210
"456",7,702,70203,"Rita",33,15551,9720,9388,93,1315,42,49,2486,8,2287,1941,49,71,388,107,552,288,44,5831,9717,9376,439,830,NA,NA,936,102,NA,1653,35,2172,916,216,NA,NA,NA,76,1041,256,704,NA,NA,265,76,5834
"457",7,702,70204,"Roxana",21,9697,5303,5077,64,646,32,24,1252,11,1229,1047,10,21,295,132,314,186,40,4394,5295,5077,257,492,NA,NA,202,60,NA,829,20,1180,605,24,NA,NA,NA,35,776,191,406,NA,NA,159,59,4402
"458",7,702,70205,"Cariari",43,22835,13936,13421,125,2168,45,67,3660,19,3337,2524,44,66,511,170,685,467,48,8899,13936,13399,610,1466,NA,NA,715,302,NA,2399,50,3040,1471,83,NA,NA,NA,112,2043,363,745,NA,NA,411,126,8899
"459",7,702,70206,"Colorado",4,1482,708,690,3,111,0,0,157,1,182,161,2,1,23,9,40,15,3,774,708,689,9,81,NA,NA,15,4,NA,113,3,251,82,3,NA,NA,NA,5,67,12,44,NA,NA,14,5,774
"460",7,702,70207,"La Colonia",11,5415,3571,3499,20,809,19,6,777,4,966,526,2,36,117,34,183,67,5,1844,3572,3481,167,479,NA,NA,62,14,NA,532,4,896,359,45,NA,NA,NA,35,623,80,185,NA,NA,76,15,1843
"461",7,703,70301,"Siquirres",44,21655,12177,11753,101,1536,39,35,2656,18,3771,1929,42,86,302,367,871,363,61,9478,12178,11780,462,1132,NA,NA,187,73,NA,2349,25,3848,897,112,NA,NA,NA,86,1177,542,890,NA,NA,299,99,9477
"462",7,703,70302,"Pacuarito",12,4890,2582,2492,23,231,5,7,431,1,823,601,3,10,149,26,182,75,15,2308,2583,2482,85,276,NA,NA,25,22,NA,374,4,717,250,10,NA,NA,NA,14,396,58,251,NA,NA,76,25,2307
"463",7,703,70303,"Florida",5,1375,917,890,5,133,3,3,146,1,293,139,22,4,25,10,106,21,6,458,917,886,16,154,NA,NA,4,3,NA,109,3,275,28,49,NA,NA,NA,6,75,11,153,NA,NA,22,9,458
"464",7,703,70304,"Germania",5,1968,1222,1187,6,122,2,1,225,2,379,260,3,11,59,19,98,30,5,746,1220,1178,19,110,NA,NA,25,10,NA,182,3,349,121,8,NA,NA,NA,6,170,27,148,NA,NA,22,20,748
"465",7,703,70305,"Cairo",9,4117,2390,2290,22,193,6,6,394,1,671,626,13,24,116,38,180,86,14,1727,2391,2294,94,192,NA,NA,72,21,NA,292,3,635,328,48,NA,NA,NA,19,329,61,200,NA,NA,69,28,1726
"466",7,703,70306,"Alegría",7,3384,2226,2145,16,314,6,11,366,4,811,341,12,12,72,25,155,71,10,1158,2226,2164,42,408,NA,NA,10,19,NA,296,2,733,158,27,NA,NA,NA,26,257,31,155,NA,NA,48,14,1158
"467",7,704,70401,"Bratsi",11,4930,2752,2646,18,166,4,9,736,2,834,419,10,14,108,19,307,73,33,2178,2750,2646,48,160,NA,NA,3,17,NA,500,9,689,307,6,NA,NA,NA,16,356,42,493,NA,NA,65,39,2180
"468",7,704,70402,"Sixaola",8,3898,2061,1962,5,160,5,8,489,1,446,387,6,13,186,16,240,83,16,1837,2061,1967,26,139,NA,NA,3,10,NA,325,3,351,208,9,NA,NA,NA,18,383,31,461,NA,NA,74,20,1837
"469",7,704,70403,"Cahuita",11,4645,2484,2390,5,227,3,14,387,2,774,493,5,14,80,41,345,77,17,2161,2482,2393,17,161,NA,NA,4,12,NA,248,8,631,226,4,NA,NA,NA,19,167,39,857,NA,NA,70,19,2163
"470",7,704,70404,"Telire",10,4099,2001,1938,8,65,2,2,586,3,473,179,9,6,58,36,511,40,23,2098,1997,1906,24,68,NA,NA,5,8,NA,486,6,404,104,10,NA,NA,NA,11,125,35,620,NA,NA,59,32,2102
"471",7,705,70501,"Matina",12,4839,2744,2631,17,114,5,6,474,1,982,682,6,8,103,25,208,89,24,2095,2741,2618,78,182,NA,NA,6,14,NA,381,5,778,390,6,NA,NA,NA,9,417,49,303,NA,NA,83,40,2098
"472",7,705,70502,"Batán",21,9824,5884,5623,27,428,10,13,1099,9,1815,1327,16,27,223,70,559,219,42,3940,5884,5607,125,332,NA,NA,10,23,NA,757,21,1106,746,72,NA,NA,NA,29,1426,148,812,NA,NA,213,64,3940
"473",7,705,70503,"Carrandi",10,5174,3077,2919,22,177,7,6,435,7,968,775,5,8,180,37,292,140,18,2097,3078,2935,69,163,NA,NA,5,12,NA,350,35,746,399,9,NA,NA,NA,21,624,53,449,NA,NA,91,52,2096
"474",7,706,70601,"Guácimo",23,11823,6915,6660,50,1245,31,25,1403,7,1846,1236,25,45,126,190,431,219,36,4908,6912,6685,271,958,NA,NA,374,51,NA,1041,27,1558,718,75,NA,NA,NA,83,636,384,509,NA,NA,183,44,4911
"475",7,706,70602,"Mercedes",2,836,589,571,5,131,3,1,107,1,137,79,4,5,16,35,47,18,0,247,589,568,16,102,NA,NA,9,1,NA,81,2,112,23,6,NA,NA,NA,7,115,21,73,NA,NA,17,4,247
"476",7,706,70603,"Pocora",10,4158,2606,2526,23,294,7,13,467,2,690,605,17,12,115,42,239,69,11,1552,2605,2531,77,234,NA,NA,119,18,NA,302,6,540,277,64,NA,NA,NA,11,495,93,295,NA,NA,60,14,1553
"477",7,706,70604,"Río Jiménez",10,5729,3442,3284,38,279,28,7,746,10,766,756,9,11,207,188,239,136,22,2287,3441,3283,184,221,NA,NA,156,32,NA,491,6,600,364,44,NA,NA,NA,25,656,208,296,NA,NA,112,46,2288
"478",7,706,70605,"Duacarí",7,3636,2102,2020,25,257,5,7,512,5,516,421,3,8,79,17,165,73,9,1534,2095,2008,105,228,NA,NA,94,15,NA,359,11,425,208,9,NA,NA,NA,13,329,35,177,NA,NA,70,17,1541
"479",8,801,80101,"Alemania",1,166,75,75,0,40,0,0,23,0,8,1,0,2,0,0,1,0,0,91,NA,NA,NA,NA,NA,NA,NA,NA,NA,NA,NA,NA,NA,NA,NA,NA,NA,NA,NA,NA,NA,NA,NA,NA,NA,NA
"480",8,802,80201,"Argentina",1,128,68,67,0,25,0,0,24,0,12,4,0,0,0,0,2,1,0,60,NA,NA,NA,NA,NA,NA,NA,NA,NA,NA,NA,NA,NA,NA,NA,NA,NA,NA,NA,NA,NA,NA,NA,NA,NA,NA
"481",8,803,80301,"Austria",1,51,24,24,0,11,0,0,6,0,6,1,0,0,0,0,0,0,0,27,NA,NA,NA,NA,NA,NA,NA,NA,NA,NA,NA,NA,NA,NA,NA,NA,NA,NA,NA,NA,NA,NA,NA,NA,NA,NA
"482",8,804,80401,"Bélgica",1,53,38,38,0,21,0,0,8,0,6,3,0,0,0,0,0,0,0,15,NA,NA,NA,NA,NA,NA,NA,NA,NA,NA,NA,NA,NA,NA,NA,NA,NA,NA,NA,NA,NA,NA,NA,NA,NA,NA
"483",8,805,80501,"Belice",1,3,1,1,0,0,0,0,0,0,1,0,0,0,0,0,0,0,0,2,NA,NA,NA,NA,NA,NA,NA,NA,NA,NA,NA,NA,NA,NA,NA,NA,NA,NA,NA,NA,NA,NA,NA,NA,NA,NA
"484",8,806,80601,"Brasil",1,33,11,11,0,6,0,0,1,0,2,2,0,0,0,0,0,0,0,22,NA,NA,NA,NA,NA,NA,NA,NA,NA,NA,NA,NA,NA,NA,NA,NA,NA,NA,NA,NA,NA,NA,NA,NA,NA,NA
"485",8,807,80701,"Canadá",2,484,99,97,1,41,0,1,15,1,24,8,1,0,0,0,5,2,0,385,NA,NA,NA,NA,NA,NA,NA,NA,NA,NA,NA,NA,NA,NA,NA,NA,NA,NA,NA,NA,NA,NA,NA,NA,NA,NA
"486",8,808,80801,"Chile",1,115,70,68,0,28,0,0,10,0,14,12,0,2,1,0,1,2,0,45,NA,NA,NA,NA,NA,NA,NA,NA,NA,NA,NA,NA,NA,NA,NA,NA,NA,NA,NA,NA,NA,NA,NA,NA,NA,NA
"487",8,809,80901,"China",1,71,29,27,0,17,0,0,2,0,3,3,0,0,0,0,2,2,0,42,NA,NA,NA,NA,NA,NA,NA,NA,NA,NA,NA,NA,NA,NA,NA,NA,NA,NA,NA,NA,NA,NA,NA,NA,NA,NA
"488",8,810,81001,"Colombia",1,138,27,27,0,10,0,0,5,0,10,1,0,0,0,0,1,0,0,111,NA,NA,NA,NA,NA,NA,NA,NA,NA,NA,NA,NA,NA,NA,NA,NA,NA,NA,NA,NA,NA,NA,NA,NA,NA,NA
"489",8,811,81101,"Corea",1,21,15,15,0,11,0,0,0,0,4,0,0,0,0,0,0,0,0,6,NA,NA,NA,NA,NA,NA,NA,NA,NA,NA,NA,NA,NA,NA,NA,NA,NA,NA,NA,NA,NA,NA,NA,NA,NA,NA
"490",8,812,81201,"Cuba",1,31,19,19,0,4,0,1,8,0,5,0,0,0,1,0,0,0,0,12,NA,NA,NA,NA,NA,NA,NA,NA,NA,NA,NA,NA,NA,NA,NA,NA,NA,NA,NA,NA,NA,NA,NA,NA,NA,NA
"491",8,813,81301,"Ecuador",1,47,14,14,0,4,0,0,5,0,4,0,0,1,0,0,0,0,0,33,NA,NA,NA,NA,NA,NA,NA,NA,NA,NA,NA,NA,NA,NA,NA,NA,NA,NA,NA,NA,NA,NA,NA,NA,NA,NA
"492",8,814,81401,"Estados Unidos",16,8316,993,970,1,400,3,0,120,0,258,108,2,14,2,8,54,23,0,7323,NA,NA,NA,NA,NA,NA,NA,NA,NA,NA,NA,NA,NA,NA,NA,NA,NA,NA,NA,NA,NA,NA,NA,NA,NA,NA
"493",8,815,81501,"Salvador",1,169,95,95,1,28,0,0,14,0,42,10,0,0,0,0,0,0,0,74,NA,NA,NA,NA,NA,NA,NA,NA,NA,NA,NA,NA,NA,NA,NA,NA,NA,NA,NA,NA,NA,NA,NA,NA,NA,NA
"494",8,816,81601,"España",1,368,111,108,0,53,0,0,18,0,26,7,0,2,0,0,2,3,0,257,NA,NA,NA,NA,NA,NA,NA,NA,NA,NA,NA,NA,NA,NA,NA,NA,NA,NA,NA,NA,NA,NA,NA,NA,NA,NA
"495",8,817,81701,"Francia",1,191,102,100,0,41,0,1,29,0,18,5,0,0,0,0,6,0,2,89,NA,NA,NA,NA,NA,NA,NA,NA,NA,NA,NA,NA,NA,NA,NA,NA,NA,NA,NA,NA,NA,NA,NA,NA,NA,NA
"496",8,818,81801,"Guatemala",1,227,124,122,0,38,0,0,10,1,45,19,0,0,0,0,9,2,0,103,NA,NA,NA,NA,NA,NA,NA,NA,NA,NA,NA,NA,NA,NA,NA,NA,NA,NA,NA,NA,NA,NA,NA,NA,NA,NA
"497",8,819,81901,"Honduras",1,146,73,71,0,28,0,0,4,0,29,7,0,0,0,1,2,2,0,73,NA,NA,NA,NA,NA,NA,NA,NA,NA,NA,NA,NA,NA,NA,NA,NA,NA,NA,NA,NA,NA,NA,NA,NA,NA,NA
"498",8,820,82001,"Israel",1,41,17,17,0,2,0,0,0,0,12,3,0,0,0,0,0,0,0,24,NA,NA,NA,NA,NA,NA,NA,NA,NA,NA,NA,NA,NA,NA,NA,NA,NA,NA,NA,NA,NA,NA,NA,NA,NA,NA
"499",8,821,82101,"Italia",1,114,52,50,0,20,0,0,3,0,21,1,0,2,0,0,3,2,0,62,NA,NA,NA,NA,NA,NA,NA,NA,NA,NA,NA,NA,NA,NA,NA,NA,NA,NA,NA,NA,NA,NA,NA,NA,NA,NA
"500",8,822,82201,"Japón",1,39,15,15,0,6,0,0,3,0,3,0,0,0,0,2,1,0,0,24,NA,NA,NA,NA,NA,NA,NA,NA,NA,NA,NA,NA,NA,NA,NA,NA,NA,NA,NA,NA,NA,NA,NA,NA,NA,NA
"501",8,823,82301,"México",2,418,155,153,0,70,0,1,20,0,36,15,1,5,0,0,5,2,0,263,NA,NA,NA,NA,NA,NA,NA,NA,NA,NA,NA,NA,NA,NA,NA,NA,NA,NA,NA,NA,NA,NA,NA,NA,NA,NA
"502",8,824,82401,"Nicaragua",3,130,52,47,0,16,0,0,4,0,19,5,0,0,0,1,2,5,0,78,NA,NA,NA,NA,NA,NA,NA,NA,NA,NA,NA,NA,NA,NA,NA,NA,NA,NA,NA,NA,NA,NA,NA,NA,NA,NA
"503",8,825,82501,"Noruega",1,40,21,21,0,7,0,1,9,0,2,1,0,0,0,0,1,0,0,19,NA,NA,NA,NA,NA,NA,NA,NA,NA,NA,NA,NA,NA,NA,NA,NA,NA,NA,NA,NA,NA,NA,NA,NA,NA,NA
"504",8,826,82601,"Países Bajos [Holanda]",1,100,53,53,0,38,0,0,10,0,5,0,0,0,0,0,0,0,0,47,NA,NA,NA,NA,NA,NA,NA,NA,NA,NA,NA,NA,NA,NA,NA,NA,NA,NA,NA,NA,NA,NA,NA,NA,NA,NA
"505",8,827,82701,"Panamá",2,212,76,74,0,33,0,0,4,0,27,5,0,1,0,0,4,2,0,136,NA,NA,NA,NA,NA,NA,NA,NA,NA,NA,NA,NA,NA,NA,NA,NA,NA,NA,NA,NA,NA,NA,NA,NA,NA,NA
"506",8,828,82801,"Perú",1,89,39,38,0,13,0,0,5,0,14,2,0,0,1,1,2,1,0,50,NA,NA,NA,NA,NA,NA,NA,NA,NA,NA,NA,NA,NA,NA,NA,NA,NA,NA,NA,NA,NA,NA,NA,NA,NA,NA
"507",8,829,82901,"Inglaterra",1,111,64,63,0,35,0,0,10,0,8,5,0,0,0,0,5,1,0,47,NA,NA,NA,NA,NA,NA,NA,NA,NA,NA,NA,NA,NA,NA,NA,NA,NA,NA,NA,NA,NA,NA,NA,NA,NA,NA
"508",8,830,83001,"República Dominicana",1,83,44,42,0,15,0,0,2,0,14,6,0,1,0,2,2,2,0,39,NA,NA,NA,NA,NA,NA,NA,NA,NA,NA,NA,NA,NA,NA,NA,NA,NA,NA,NA,NA,NA,NA,NA,NA,NA,NA
"509",8,831,83101,"Rusia",1,26,10,10,0,3,1,0,4,0,1,1,0,0,0,0,0,0,0,16,NA,NA,NA,NA,NA,NA,NA,NA,NA,NA,NA,NA,NA,NA,NA,NA,NA,NA,NA,NA,NA,NA,NA,NA,NA,NA
"510",8,832,83201,"Singapur",1,28,13,13,0,4,0,0,0,0,7,1,0,0,0,0,1,0,0,15,NA,NA,NA,NA,NA,NA,NA,NA,NA,NA,NA,NA,NA,NA,NA,NA,NA,NA,NA,NA,NA,NA,NA,NA,NA,NA
"511",8,833,83301,"Suiza",1,162,65,65,0,30,0,0,13,0,16,4,0,1,0,0,1,0,0,97,NA,NA,NA,NA,NA,NA,NA,NA,NA,NA,NA,NA,NA,NA,NA,NA,NA,NA,NA,NA,NA,NA,NA,NA,NA,NA
"512",8,834,83401,"Trinidad y Tobago",1,4,2,2,0,1,0,0,0,0,1,0,0,0,0,0,0,0,0,2,NA,NA,NA,NA,NA,NA,NA,NA,NA,NA,NA,NA,NA,NA,NA,NA,NA,NA,NA,NA,NA,NA,NA,NA,NA,NA
"513",8,835,83501,"Uruguay",1,15,8,8,0,6,0,0,1,0,1,0,0,0,0,0,0,0,0,7,NA,NA,NA,NA,NA,NA,NA,NA,NA,NA,NA,NA,NA,NA,NA,NA,NA,NA,NA,NA,NA,NA,NA,NA,NA,NA
"514",8,836,83601,"Venezuela",1,162,33,33,0,12,0,0,3,0,15,3,0,0,0,0,0,0,0,129,NA,NA,NA,NA,NA,NA,NA,NA,NA,NA,NA,NA,NA,NA,NA,NA,NA,NA,NA,NA,NA,NA,NA,NA,NA,NA
"515",8,837,83701,"India",1,6,4,4,0,3,0,0,1,0,0,0,0,0,0,0,0,0,0,2,NA,NA,NA,NA,NA,NA,NA,NA,NA,NA,NA,NA,NA,NA,NA,NA,NA,NA,NA,NA,NA,NA,NA,NA,NA,NA
"516",8,838,83801,"Qatar",1,19,11,11,0,3,0,0,0,0,7,1,0,0,0,0,0,0,0,8,NA,NA,NA,NA,NA,NA,NA,NA,NA,NA,NA,NA,NA,NA,NA,NA,NA,NA,NA,NA,NA,NA,NA,NA,NA,NA
"517",8,839,83901,"Bolivia",1,31,13,13,0,7,0,0,2,0,3,1,0,0,0,0,0,0,0,18,NA,NA,NA,NA,NA,NA,NA,NA,NA,NA,NA,NA,NA,NA,NA,NA,NA,NA,NA,NA,NA,NA,NA,NA,NA,NA
"518",8,840,84001,"Paraguay",1,10,9,9,0,1,0,1,2,0,4,0,0,0,0,1,0,0,0,1,NA,NA,NA,NA,NA,NA,NA,NA,NA,NA,NA,NA,NA,NA,NA,NA,NA,NA,NA,NA,NA,NA,NA,NA,NA,NA
"519",8,841,84101,"Australia",1,56,27,27,0,16,1,0,5,0,4,0,0,0,0,0,1,0,0,29,NA,NA,NA,NA,NA,NA,NA,NA,NA,NA,NA,NA,NA,NA,NA,NA,NA,NA,NA,NA,NA,NA,NA,NA,NA,NA
